,Compound,Date,Negative,Network,Neutral,Positive,Tweet Text,Tweets Ago
0,-0.7906,Sun Mar 04 23:03:00 +0000 2018,0.35,@FoxNews,0.65,0.0,OPINION: An attack on North Korea could start a US-China war -- Don't do it  https://t.co/L2B5a9rK5q,1
1,0.0,Sun Mar 04 22:49:06 +0000 2018,0.0,@FoxNews,1.0,0.0,".@united flight experiences extreme turbulence, ‘entire flight threw up’ https://t.co/A25PG6ArpI",2
2,0.0,Sun Mar 04 22:48:43 +0000 2018,0.0,@FoxNews,1.0,0.0,Ryan Seacrest expected to get cold shoulder on Oscars red carpet https://t.co/3YlIAtCJT8,3
3,-0.5267,Sun Mar 04 22:40:34 +0000 2018,0.239,@FoxNews,0.761,0.0,".@TomFitton: ""The dossier is the reason for the Mueller investigation. No dossier, no Mueller investigation."" https://t.co/Tib2O9hrhv",4
4,0.0,Sun Mar 04 22:30:12 +0000 2018,0.0,@FoxNews,1.0,0.0,"On ""Sunday Morning Futures with @MariaBartiromo,"" @GovMikeHuckabee defended @NRA members against those who call the… https://t.co/H2oYYCZeC5",5
5,0.4215,Sun Mar 04 22:28:05 +0000 2018,0.145,@FoxNews,0.542,0.313,"Trump, Netanyahu to meet amid growing uncertainty on Mideast peace deal https://t.co/BSdUZeUxZl",6
6,0.0,Sun Mar 04 22:19:46 +0000 2018,0.0,@FoxNews,1.0,0.0,"First woman to try to enter Corps of Cadets says she considers herself alum of The Citadel
https://t.co/ZfOrB0bPOn",7
7,0.802,Sun Mar 04 22:11:35 +0000 2018,0.0,@FoxNews,0.676,0.324,"Yesterday, @VP Mike Pence tweeted a message of optimism, celebrating Fiat Chrysler's decision ""to move their entire… https://t.co/CUStWv3McB",8
8,-0.34,Sun Mar 04 22:03:53 +0000 2018,0.211,@FoxNews,0.789,0.0,Instant Pot recall: this model may be a fire hazard https://t.co/jxi6wuphRV,9
9,-0.8658,Sun Mar 04 21:56:58 +0000 2018,0.492,@FoxNews,0.508,0.0,Elderly Minnesota man suffers facial fractures in beating after road rage incident https://t.co/6ywsj63qxn,10
10,0.4019,Sun Mar 04 21:49:16 +0000 2018,0.0,@FoxNews,0.828,0.172,Poll: Which party would you vote for if the Congressional election were today? https://t.co/v1w3LGDkF0,11
11,0.0,Sun Mar 04 21:46:46 +0000 2018,0.0,@FoxNews,1.0,0.0,"Coyote that bit several people was rabid, police say https://t.co/lZqSwv6c13",12
12,0.0,Sun Mar 04 21:39:03 +0000 2018,0.0,@FoxNews,1.0,0.0,"John Fund on @JoeBiden running in 2020: ""The Democrats have to make a fundamental decision. We know the Democratic… https://t.co/Lgyk87rUoM",13
13,0.0,Sun Mar 04 21:37:28 +0000 2018,0.0,@FoxNews,1.0,0.0,"On @foxandfriends,@mschlapp commented on President @realDonaldTrump allowing cameras in @WhiteHouse meetings. https://t.co/6P7Oas4shL",14
14,0.6597,Sun Mar 04 21:36:31 +0000 2018,0.0,@FoxNews,0.759,0.241,"John Fund on Pennsylvania special election: ""These moderate Democrats are basically being run out of the party. Whe… https://t.co/Q1SItUAQwb",15
15,-0.6808,Sun Mar 04 21:32:12 +0000 2018,0.384,@FoxNews,0.616,0.0,Man arrested with severed head in bag was a 'mama's boy' https://t.co/N3BLF5wrAJ,16
16,-0.347,Sun Mar 04 21:25:00 +0000 2018,0.189,@FoxNews,0.687,0.124,"TONIGHT: A special 2-hour SCANDALOUS - First, Episode 6: 'Impeachment,' then the all-new finale: 'The Show That Nev… https://t.co/tDwSEQS5iA",17
17,-0.347,Sun Mar 04 21:23:00 +0000 2018,0.189,@FoxNews,0.687,0.124,"TONIGHT: A special 2-hour SCANDALOUS - First, Episode 6: 'Impeachment,' then the all-new finale: 'The Show That Nev… https://t.co/d6hG9858Cx",18
18,0.0,Sun Mar 04 21:22:46 +0000 2018,0.0,@FoxNews,1.0,0.0,"LISTEN: Alec Baldwin Calls into Brother's Radio Show as Trump, Debates Himself https://t.co/iPB5w0uK9h",19
19,0.4019,Sun Mar 04 21:21:39 +0000 2018,0.0,@FoxNews,0.863,0.137,"RT @EricShawnTV: I anchor @Foxnews at 4pm. It could be a @POTUS @realDonaldTrump test, the special Congressional election in #Pennsylvania.…",20
20,0.3612,Sun Mar 04 21:15:00 +0000 2018,0.0,@FoxNews,0.884,0.116,".@TGowdySC: ""This Democrat memo makes me smile. If it were up to @AdamSchiffCA... it would've been a haiku and not… https://t.co/uQ4awQfnF3",21
21,0.0,Sun Mar 04 21:10:44 +0000 2018,0.0,@FoxNews,1.0,0.0,"Earlier, President @realDonaldTrump tweeted about the annual Gridiron Dinner in Washington. https://t.co/p4TyguSns4 https://t.co/K3gPYakrY3",22
22,0.4019,Sun Mar 04 21:10:00 +0000 2018,0.0,@FoxNews,0.787,0.213,".@TGowdySC: ""I think we're trending perhaps towards another special counsel."" https://t.co/0Rlsji1PwF",23
23,0.0,Sun Mar 04 21:05:00 +0000 2018,0.0,@FoxNews,1.0,0.0,".@SecretaryRoss: ""We're talking about a total of $9 billion of tariffs. That's about one half of one percent of the… https://t.co/TTWNutTxYI",24
24,0.0,Sun Mar 04 20:59:49 +0000 2018,0.0,@FoxNews,1.0,0.0,"Girl, 2, dies after Payless store mirror falls on her, officials say https://t.co/vJoGZpOcCw",25
25,0.6808,Sun Mar 04 20:52:21 +0000 2018,0.0,@FoxNews,0.781,0.219,".@MariaBartiromo: ""The U.S. has been behind the curve in terms of free and fair trade for a long time, and @POTUS p… https://t.co/FEZBIHPZeT",26
26,0.0,Sun Mar 04 20:46:03 +0000 2018,0.0,@FoxNews,1.0,0.0,".@ChrisChristie on Kushner: A Lot Harder for @POTUS to Rein In Aides 'You're Sitting at Thanksgiving With'
https://t.co/xXj3Vq3BFr",27
27,-0.3612,Sun Mar 04 20:37:30 +0000 2018,0.238,@FoxNews,0.762,0.0,.@newtgingrich: Congress must fix @BarackObama's joint employer mess https://t.co/ABCluQEM21,28
28,0.4215,Sun Mar 04 20:34:10 +0000 2018,0.0,@FoxNews,0.823,0.177,Mueller team looking into possible United Arab Emirates money into Trump campaign: report https://t.co/AKWlnfznbl,29
29,-0.7769,Sun Mar 04 20:23:30 +0000 2018,0.285,@FoxNews,0.715,0.0,"Gerald Seib on Russia threat: ""There's a really sustained attack on the [institutions] of democracy and its role as… https://t.co/BNAMeafZmf",30
30,0.0129,Sun Mar 04 20:23:21 +0000 2018,0.086,@FoxNews,0.826,0.088,"At Gridiron Dinner, Trump jokes on politics -- but gets serious about North Korea talks https://t.co/4iQSO01v9k",31
31,-0.3612,Sun Mar 04 20:18:53 +0000 2018,0.252,@FoxNews,0.611,0.137,Top NASCAR Venue Sticking With NRA Amid Business Outcry https://t.co/sFSzYSm6ss,32
32,-0.5574,Sun Mar 04 20:13:16 +0000 2018,0.195,@FoxNews,0.805,0.0,"Jane Harman on gun control: ""It's not a debate between guns or no guns, it's a debate about what level of protectio… https://t.co/PVqV5nlwON",33
33,-0.505,Sun Mar 04 20:07:57 +0000 2018,0.169,@FoxNews,0.831,0.0,"Michael Needham on gun control: ""What makes this issue so hard pressed as a country is it is one of the flash point… https://t.co/1KgAhLi8Rk",34
34,0.3818,Sun Mar 04 20:07:04 +0000 2018,0.148,@FoxNews,0.606,0.246,"Josh Bolten on POTUS' tariff hikes: ""Nobody wins a trade war, especially in these globalized days. The United State… https://t.co/qd77gSpU6L",35
35,-0.4404,Sun Mar 04 19:57:48 +0000 2018,0.142,@FoxNews,0.8,0.058,"Josh Bolten on @POTUS' tariff hikes: ""You're going to cause damage across any number of downstream industries and a… https://t.co/NzbeCSZe9R",36
36,0.0,Sun Mar 04 19:56:04 +0000 2018,0.0,@FoxNews,1.0,0.0,Russian presidential candidate doused with water https://t.co/Lz4bOgLlS9,37
37,-0.9217,Sun Mar 04 19:38:44 +0000 2018,0.449,@FoxNews,0.551,0.0,"Missouri man, who once threatened to 'kill all white people,' is indicted in 2nd set of 3 killings https://t.co/cNjIwIzCFm",38
38,-0.2263,Sun Mar 04 19:34:48 +0000 2018,0.182,@FoxNews,0.711,0.107,"Peter Navarro on POTUS' tariff hikes: Our aluminum industry, make no mistake, that thing is on life support. That w… https://t.co/37R3GiEBuj",39
39,0.0,Sun Mar 04 19:34:03 +0000 2018,0.0,@FoxNews,1.0,0.0,"On ""Justice,"" @JudgeJeanine Pirro issued this message to @HillaryClinton after the former Secretary of State claime… https://t.co/DJlgsKOtkn",40
40,0.2023,Sun Mar 04 19:31:46 +0000 2018,0.0,@FoxNews,0.847,0.153,Top 11 sources by country of U.S. steel imports. #FoxNewsSunday https://t.co/ZxZA0jA2OY,41
41,0.765,Sun Mar 04 19:29:12 +0000 2018,0.0,@FoxNews,0.645,0.355,'There's Magic In Books': @DollyParton Honored By @librarycongress for Child Literacy Charity Milestone https://t.co/owlRwEOOD0,42
42,0.6705,Sun Mar 04 19:28:06 +0000 2018,0.0,@FoxNews,0.766,0.234,"Peter Navarro on @POTUS' tariff hikes: ""What @realDonaldTrump wants to do is fulfill his campaign promises to the A… https://t.co/sXhrUDt4qL",43
43,-0.347,Sun Mar 04 19:25:00 +0000 2018,0.189,@FoxNews,0.687,0.124,"TONIGHT: A special 2-hour SCANDALOUS - First, Episode 6: 'Impeachment,' then the all-new finale: 'The Show That Nev… https://t.co/9uwUvzBp7M",44
44,-0.3612,Sun Mar 04 19:22:53 +0000 2018,0.172,@FoxNews,0.828,0.0,"Facebook ends 'Explore Feed' test after journalists, users complain https://t.co/63iaJKBrc9 #fntech (via @christocarbone)",45
45,-0.8779,Sun Mar 04 19:18:34 +0000 2018,0.465,@FoxNews,0.44,0.095,"Illegal immigrant from Mexico pleads guilty to using fake identity to steal $361,000 in government benefits https://t.co/1mkWPDyLlh",46
46,0.2023,Sun Mar 04 19:10:21 +0000 2018,0.145,@FoxNews,0.658,0.197,".@Kathy4Truth: ""No one cares about Russia except for Democrats and Russians."" https://t.co/m2d0Rf7Fj1",47
47,-0.5106,Sun Mar 04 18:55:10 +0000 2018,0.171,@FoxNews,0.829,0.0,"'Senator, At Least 'Try' Not to Sound Racist': @JesseBWatters Recalls the Dumbest Things Politicians Said Recently https://t.co/xRRVHBB85b",48
48,0.5707,Sun Mar 04 18:48:00 +0000 2018,0.0,@FoxNews,0.83,0.17,"TONIGHT: A brand new ""Life, Liberty, and Levin"" with @marklevinshow - Tune in at 10p ET on Fox News Channel! https://t.co/pOhiIDzuUB",49
49,-0.6705,Sun Mar 04 18:45:44 +0000 2018,0.273,@FoxNews,0.727,0.0,Texas man killed after 'device' explodes on front porch of Austin home https://t.co/FeQBUfu4Pw,50
50,-0.4019,Sun Mar 04 18:35:54 +0000 2018,0.184,@FoxNews,0.816,0.0,"Davide Astori, Fiorentina captain, dies of 'sudden illness' at 31, team says https://t.co/bk8KRaJlwm",51
51,-0.3612,Sun Mar 04 18:32:14 +0000 2018,0.333,@FoxNews,0.667,0.0,Famous mistakes at the Oscars https://t.co/cY2maKQSlP,52
52,-0.4404,Sun Mar 04 18:04:36 +0000 2018,0.195,@FoxNews,0.805,0.0,ICE arrests 232 people in four-day raid of California's Bay Area https://t.co/Y8XE68bXa7 https://t.co/CIqDoCI2Gc,53
53,0.0,Sun Mar 04 17:51:37 +0000 2018,0.0,@FoxNews,1.0,0.0,".@DiamondandSilk: ""If anyone comes for @POTUS [at #Oscars], we will be coming for them."" https://t.co/mNfFYbSPsw",54
54,-0.5719,Sun Mar 04 17:44:44 +0000 2018,0.198,@FoxNews,0.802,0.0,".@KatrinaPierson: ""There are no boundaries at the level and the extent that they will go to to smear this President… https://t.co/XMzJYjxYes",55
55,0.0,Sun Mar 04 17:37:28 +0000 2018,0.0,@FoxNews,1.0,0.0,Meghan Markle to be baptized at Kensington Palace https://t.co/zaXXwLQprV,56
56,0.2732,Sun Mar 04 17:24:00 +0000 2018,0.0,@FoxNews,0.851,0.149,"On @foxandfriends, forklift driver and former lifelong Democrat-turned-@realDonaldTrump supporter Geno DiFabio prai… https://t.co/zKnSAX7fq6",57
57,0.3612,Sun Mar 04 17:23:53 +0000 2018,0.0,@FoxNews,0.706,0.294,Do you agree with @RealCandaceO? https://t.co/jgMqW22Xtu https://t.co/1iJRHPOetc,58
58,-0.347,Sun Mar 04 17:23:00 +0000 2018,0.189,@FoxNews,0.687,0.124,"TONIGHT: A special 2-hour SCANDALOUS - First, Episode 6: 'Impeachment,' then the all-new finale: 'The Show That Nev… https://t.co/6tf7Ptpijl",59
59,0.4215,Sun Mar 04 17:19:51 +0000 2018,0.0,@FoxNews,0.823,0.177,"Mueller team looking into possible United Arab Emirates money into Trump campaign: report
https://t.co/AKWlnfznbl",60
60,0.7717,Sun Mar 04 17:13:22 +0000 2018,0.0,@FoxNews,0.717,0.283,A high school basketball player helped his team win its division championship in the New York high school playoffs… https://t.co/06fgoPsF9y,61
61,0.0,Sun Mar 04 17:05:15 +0000 2018,0.0,@FoxNews,1.0,0.0,".@RealCandaceO: ""I just joined the @NRA... I'm a black American and I know that the @NRA was started as a civil rig… https://t.co/aE3xSTVPwn",62
62,0.0,Sun Mar 04 17:03:14 +0000 2018,0.0,@FoxNews,1.0,0.0,"Protocol or cowardice? Parkland student slams teacher over locked door during shooting, report says https://t.co/linxlqbSfc",63
63,-0.6705,Sun Mar 04 16:55:00 +0000 2018,0.243,@FoxNews,0.757,0.0,Texas man killed after 'device' explodes on front porch of Austin home (via @travfed)  https://t.co/FeQBUfu4Pw,64
64,0.0,Sun Mar 04 16:44:41 +0000 2018,0.0,@FoxNews,1.0,0.0,"On ""Sunday Morning Futures with @MariaBartiromo,"" @GovMikeHuckabee defended @NRA members against those who call the… https://t.co/9ISMxPQ8n4",65
65,-0.3612,Sun Mar 04 16:42:58 +0000 2018,0.333,@FoxNews,0.667,0.0,Famous mistakes at the #Oscars https://t.co/cY2maKQSlP,66
66,0.0,Sun Mar 04 16:31:00 +0000 2018,0.0,@FoxNews,1.0,0.0,"TONIGHT on @NextRevFNC, @SteveHiltonx talks to @PeteHegseth and @kayleighmcenany - Tune in at 9p ET on Fox News Cha… https://t.co/SOkPBsAS4o",67
67,0.2732,Sun Mar 04 16:29:29 +0000 2018,0.0,@FoxNews,0.84,0.16,"Former lifelong Democrat-turned-@realDonaldTrump supporter Geno DiFabio: ""I have a billionaire businessman working… https://t.co/q5ArsTMsZO",68
68,0.0,Sun Mar 04 16:25:00 +0000 2018,0.0,@FoxNews,1.0,0.0,"Scaramucci rips Kelly, saying he's trying to 'lance the boil' in White House https://t.co/kuDAIgO4ER",69
69,0.0,Sun Mar 04 16:16:00 +0000 2018,0.0,@FoxNews,1.0,0.0,".@GovMikeHuckabee: ""Tell me what would happen in Hollywood if you said, 'You can never show an AR-15, an M-16, a fu… https://t.co/HTCyLoq1KF",70
70,-0.7845,Sun Mar 04 16:12:57 +0000 2018,0.291,@FoxNews,0.607,0.102,"RT @EricShawnTV: Taylor Force was a West Point grad. murdered by a terrorist. The killer's family is rewarded with our taxpayer $$, say sup…",71
71,-0.25,Sun Mar 04 16:10:00 +0000 2018,0.231,@FoxNews,0.591,0.177,California avalanche rescue caught in dramatic video as winter storm leaves 2 dead  https://t.co/dAyK6QfvJt,72
72,0.0,Sun Mar 04 16:09:24 +0000 2018,0.0,@FoxNews,1.0,0.0,"On ""Sunday Morning Futures with @MariaBartiromo,"" @CommerceGov @SecretaryRoss gave his take on the past and future… https://t.co/OCaCGN2Iwp",73
73,0.4019,Sun Mar 04 16:04:00 +0000 2018,0.0,@FoxNews,0.856,0.144,".@RepMattGaetz: ""It’s absolutely time for Jeff Sessions to either appoint a second special counsel… or have someone… https://t.co/jEYxJjAhEs",74
74,0.3612,Sun Mar 04 15:59:00 +0000 2018,0.0,@FoxNews,0.884,0.116,".@TGowdySC: ""This Democrat memo makes me smile. If it were up to @AdamSchiffCA... it would've been a haiku and not… https://t.co/a7oySRZa89",75
75,-0.296,Sun Mar 04 15:58:19 +0000 2018,0.196,@FoxNews,0.804,0.0,".@GovMikeHuckabee: ""No NRA member has ever been a mass shooter."" https://t.co/xDsz9C7rWj",76
76,0.0,Sun Mar 04 15:55:20 +0000 2018,0.0,@FoxNews,1.0,0.0,".@GovMikeHuckabee: ""Tell me what would happen in Hollywood if you said, 'You can never show an AR-15, an M-16, a fu… https://t.co/n501M99nAV",77
77,0.0772,Sun Mar 04 15:53:00 +0000 2018,0.0,@FoxNews,0.936,0.064,".@TGowdySC: ""I want to know everything that happened in 2016, and whether Andy McCabe was leaking for or against… https://t.co/euHBtSP99Q",78
78,0.0,Sun Mar 04 15:52:29 +0000 2018,0.0,@FoxNews,1.0,0.0,".@GovMikeHuckabee: ""40 different visits to this person's home - &amp; if that wasn't a red flag, that was a thousand re… https://t.co/lQeaZfqFy7",79
79,-0.3875,Sun Mar 04 15:50:11 +0000 2018,0.116,@FoxNews,0.884,0.0,".@GovMikeHuckabee: ""If we're not taking care of the laws we have, I guess a lot of people are asking, 'Why would a… https://t.co/NsCWI9GiNb",80
80,0.6369,Sun Mar 04 15:48:07 +0000 2018,0.0,@FoxNews,0.794,0.206,"Fmr. NYPD Commissioner Ray Kelly: ""We have to give credit where credit is due and that's to President Trump. He rai… https://t.co/J2NwXbktI4",81
81,0.0,Sun Mar 04 15:45:00 +0000 2018,0.0,@FoxNews,1.0,0.0,".@SecretaryRoss: ""We're talking about a total of $9 billion of tariffs. That's about one half of one percent of the… https://t.co/e6cm7ejgcw",82
82,0.4215,Sun Mar 04 15:42:29 +0000 2018,0.0,@FoxNews,0.865,0.135,.@Scaramucci: “I know General Kelly is trying to bring order to the @WhiteHouse but he’s actually creating chaos.”… https://t.co/fkRc6Q3zrf,83
83,0.3612,Sun Mar 04 15:26:08 +0000 2018,0.0,@FoxNews,0.884,0.116,".@TGowdySC: ""This Democrat memo makes me smile. If it were up to @AdamSchiffCA... it would've been a haiku and not… https://t.co/AhM2u47KAr",84
84,0.4019,Sun Mar 04 15:21:10 +0000 2018,0.0,@FoxNews,0.816,0.184,".@TGowdySC: ""I think we're trending perhaps towards another special counsel."" #SundayFutures @MariaBartiromo https://t.co/nHcL1ViEm5",85
85,0.3182,Sun Mar 04 15:19:40 +0000 2018,0.0,@FoxNews,0.887,0.113,".@TGowdySC: ""I expect the Inspector General to issue a facts-centric fair report. Look at what he's already found -… https://t.co/zKWzuNizzM",86
86,0.0772,Sun Mar 04 15:17:20 +0000 2018,0.0,@FoxNews,0.936,0.064,".@TGowdySC: ""I want to know everything that happened in 2016, and whether Andy McCabe was leaking for or against… https://t.co/YbuJ5aJQ59",87
87,0.5106,Sun Mar 04 15:11:23 +0000 2018,0.0,@FoxNews,0.798,0.202,".@SecretaryRoss: ""China and Europe talk free trade and they practice protectionism."" #SundayFutures @MariaBartiromo https://t.co/BTaWUtWUYX",88
88,-0.1027,Sun Mar 04 15:10:48 +0000 2018,0.108,@FoxNews,0.8,0.092,".@SecretaryRoss: ""The facts are we do have a huge trade deficit. The facts are before we made all of these deals -… https://t.co/I2ZWqR58CS",89
89,0.34,Sun Mar 04 15:07:15 +0000 2018,0.0,@FoxNews,0.854,0.146,".@SecretaryRoss: ""As Gen. Mattis and others have said, 'Economic security is national security.'"" #SundayFutures… https://t.co/EMxofw3Gp9",90
90,0.0,Sun Mar 04 15:05:30 +0000 2018,0.0,@FoxNews,1.0,0.0,".@SecretaryRoss: ""We're talking about a total of $9 billion of tariffs. That's about one half of one percent of the… https://t.co/nlCgMiqVPV",91
91,-0.4019,Sun Mar 04 15:03:39 +0000 2018,0.124,@FoxNews,0.876,0.0,".@SecretaryRoss: ""What @POTUS was saying was that because we have a big deficit and the other sides have big gains… https://t.co/9JJOW3uHPi",92
92,0.6808,Sun Mar 04 14:57:13 +0000 2018,0.0,@FoxNews,0.781,0.219,".@MariaBartiromo: ""The U.S. has been behind the curve in terms of free and fair trade for a long time, and @POTUS p… https://t.co/OuslpPJSXv",93
93,0.0,Sun Mar 04 14:49:23 +0000 2018,0.0,@FoxNews,1.0,0.0,"COMING UP on @SundayFutures, @MariaBartiromo talks to @TGowdySC - Tune in at 10a ET on Fox News Channel! https://t.co/rCSiu3nVEU",94
94,0.431,Sun Mar 04 14:36:02 +0000 2018,0.0,@FoxNews,0.794,0.206,"'President for life' not a bad idea, Trump says of China proposal https://t.co/IFszUT5j8r",95
95,-0.2263,Sun Mar 04 14:27:42 +0000 2018,0.125,@FoxNews,0.784,0.09,"RT @FoxNewsSunday: On #tariffs, @BizRoundtable CEO &amp; President Josh Bolten says this will cause huge damage across broad sectors of the eco…",96
96,0.0,Sun Mar 04 14:27:38 +0000 2018,0.0,@FoxNews,1.0,0.0,"RT @FoxNewsSunday: Josh Bolten, @BizRoundtable CEO &amp; President tells Chris: The tweets by the President suggest that he thinks a trade war…",97
97,-0.34,Sun Mar 04 14:24:27 +0000 2018,0.107,@FoxNews,0.893,0.0,"RT @FoxNewsSunday: Peter Navarro, White House Trade Adviser tells Chris: The downstream effect of these tariffs are insignificant and the m…",98
98,0.5106,Sun Mar 04 14:15:36 +0000 2018,0.0,@FoxNews,0.858,0.142,"RT @FoxNewsSunday: On #tariffs, White House Trade Adviser Peter Navarro tells Chris: We are the free trading-est country in the world...all…",99
99,0.4404,Sun Mar 04 14:09:45 +0000 2018,0.0,@FoxNews,0.884,0.116,"RT @FoxNewsSunday: On #tariffs, White House Trade Adviser Peter Navarro tells Chris: What Donald Trump wants to do is to fulfill his campai…",100
100,0.0,Sun Mar 04 22:47:49 +0000 2018,0.0,@BBCWorld,1.0,0.0,China enforces 'holidays' onto dissidents of the state https://t.co/qYa4lsWsO6,1
101,0.0,Sun Mar 04 22:12:10 +0000 2018,0.0,@BBCWorld,1.0,0.0,IS video 'shows deaths of US soldiers in Niger ambush' https://t.co/ejffGEPY8J,2
102,0.0,Sun Mar 04 21:12:36 +0000 2018,0.0,@BBCWorld,1.0,0.0,Catalonia Spain: Pro-unity marchers parody secessionists https://t.co/GFaU2JEWvC,3
103,0.0516,Sun Mar 04 21:04:09 +0000 2018,0.254,@BBCWorld,0.476,0.27,Jailed school shooter praises Florida student activists https://t.co/P1QSGZ5XPQ,4
104,-0.6597,Sun Mar 04 20:24:57 +0000 2018,0.423,@BBCWorld,0.577,0.0,Slovakia's leaders clash over journalist's killing https://t.co/FijMH4W7vg,5
105,0.3612,Sun Mar 04 18:08:56 +0000 2018,0.0,@BBCWorld,0.889,0.111,RT @BBCSteveR: Russia's presidential election looks like a show staged by the Kremlin. I've raided the toy box to explain why. https://t.co…,6
106,-0.6249,Sun Mar 04 17:29:06 +0000 2018,0.313,@BBCWorld,0.687,0.0,South Africa listeria: Source of 'world's worst outbreak' found https://t.co/dQcLE3igN7,7
107,-0.4753,Sun Mar 04 17:18:03 +0000 2018,0.134,@BBCWorld,0.866,0.0,"RT @BBCSport: Leo Messi's 600th professional goal is a big one!

Barcelona have beaten their nearest rivals, Atletico Madrid 1-0

Eight poi…",8
108,0.4215,Sun Mar 04 16:43:37 +0000 2018,0.0,@BBCWorld,0.872,0.128,Watch this baby chimp being flown to a new home in DR Congo after it was rescued from poachers ??? https://t.co/mZfGI8h6Gc,9
109,0.4588,Sun Mar 04 15:48:47 +0000 2018,0.0,@BBCWorld,0.875,0.125,"What can we expect from the 90th Academy Awards? A lot has changed since last year. 

Here are eight reasons why th… https://t.co/nDFmeKOnUY",10
110,-0.1531,Sun Mar 04 15:10:57 +0000 2018,0.167,@BBCWorld,0.833,0.0,China official in hospital after catching falling girl https://t.co/qAcfPNaiMB,11
111,0.4215,Sun Mar 04 14:17:10 +0000 2018,0.0,@BBCWorld,0.714,0.286,Baby chimp rescued from poachers in Africa https://t.co/MJbgUKpSWT,12
112,0.0,Sun Mar 04 13:49:46 +0000 2018,0.0,@BBCWorld,1.0,0.0,Sir Roger Bannister: First person to run a mile in under four minutes dies at 88 https://t.co/x4N4Lqajva,13
113,-0.4019,Sun Mar 04 13:35:35 +0000 2018,0.252,@BBCWorld,0.748,0.0,Switzerland TV licence: Voters set to reject abolition https://t.co/toPC8hg2KP,14
114,-0.5994,Sun Mar 04 12:58:57 +0000 2018,0.302,@BBCWorld,0.698,0.0,Trump trade war: China vows retaliation if tariffs bite https://t.co/LPfJQFdSDh,15
115,0.2023,Sun Mar 04 12:52:03 +0000 2018,0.0,@BBCWorld,0.847,0.153,Papua New Guinea earthquake: Tens of thousands need urgent aid https://t.co/gCLIxjEmDT,16
116,-0.765,Sun Mar 04 12:41:00 +0000 2018,0.28,@BBCWorld,0.72,0.0,"RT @BBCSport: After the shocking news of Davide Astori's death, all Serie A fixtures today have been called off.

? https://t.co/rmqcHfLPUX…",17
117,-0.5994,Sun Mar 04 11:46:25 +0000 2018,0.358,@BBCWorld,0.642,0.0,Syria war: Residents flee Eastern Ghouta bombardment https://t.co/fH7TfxaM99,18
118,0.0,Sun Mar 04 11:22:38 +0000 2018,0.0,@BBCWorld,1.0,0.0,Davide Astori: Fiorentina captain and Italy international dies at the age of 31 https://t.co/o8F4aX2JRN,19
119,0.0,Sun Mar 04 11:04:25 +0000 2018,0.0,@BBCWorld,1.0,0.0,"RT @BBCNews: Really??? ?

https://t.co/SMADAlqpZN",20
120,0.4019,Sun Mar 04 09:21:48 +0000 2018,0.089,@BBCWorld,0.726,0.184,RT @BBCNewsbeat: Miss Piggy has some strong feelings about this year's #Oscars selection ?? https://t.co/vzHGz8PtmD,21
121,-0.34,Sun Mar 04 09:00:10 +0000 2018,0.138,@BBCWorld,0.862,0.0,RT @BBCkatyaadler: Uncertainty is the word on everyone’s lips as they go to vote today #ItalyElection2018,22
122,0.0,Sun Mar 04 08:59:54 +0000 2018,0.0,@BBCWorld,1.0,0.0,Meet Om Abdullah - she's Egypt's first official female minibus driver ? https://t.co/D9WCJ73xxM,23
123,-0.4588,Sun Mar 04 08:46:03 +0000 2018,0.273,@BBCWorld,0.727,0.0,President Trump mocks Jared Kushner at annual dinner https://t.co/tSgKviwO3G,24
124,-0.4404,Sun Mar 04 08:18:24 +0000 2018,0.127,@BBCWorld,0.873,0.0,"RT @BBCSteveR: The story of Vladimir Putin's new ""invincible"" nuclear weapons is becoming even more surreal. This weekend Russian papers ar…",25
125,0.296,Sun Mar 04 08:16:18 +0000 2018,0.183,@BBCWorld,0.488,0.329,Germany parties strike coalition deal https://t.co/RjvVur2ibE,26
126,0.9118,Sun Mar 04 04:31:06 +0000 2018,0.0,@BBCWorld,0.323,0.677,Oscars 2018: Get Out wins Spirit Awards best film https://t.co/niGlEWgHrU,27
127,-0.6808,Sun Mar 04 03:00:41 +0000 2018,0.483,@BBCWorld,0.517,0.0,Mexico missing Italians: Police face criminal proceedings https://t.co/dy4rnclQkh,28
128,0.0,Sun Mar 04 01:48:18 +0000 2018,0.0,@BBCWorld,1.0,0.0,Italy election: Polls set to open in unpredictable contest https://t.co/xaoaWZ2IDM,29
129,0.0,Sun Mar 04 00:53:57 +0000 2018,0.0,@BBCWorld,1.0,0.0,'Two sessions' https://t.co/J8MxzH9Bpe,30
130,0.0,Sun Mar 04 00:47:01 +0000 2018,0.0,@BBCWorld,1.0,0.0,Made in Africa https://t.co/3cKLDgh6sn,31
131,0.0,Sun Mar 04 00:43:11 +0000 2018,0.0,@BBCWorld,1.0,0.0,Meet the real life Three Billboards mother https://t.co/dgL10nszjE,32
132,0.0,Sun Mar 04 00:43:11 +0000 2018,0.0,@BBCWorld,1.0,0.0,A region apart https://t.co/0z0aMxbIZK,33
133,0.1531,Sun Mar 04 00:39:50 +0000 2018,0.0,@BBCWorld,0.652,0.348,Pakistan's 'street fighter' https://t.co/ssZ2ql3oA4,34
134,-0.5859,Sun Mar 04 00:39:47 +0000 2018,0.655,@BBCWorld,0.345,0.0,A routine abduction https://t.co/ut61QXIybF,35
135,0.0,Sun Mar 04 00:32:32 +0000 2018,0.0,@BBCWorld,1.0,0.0,Syria: Children in Aleppo return to school https://t.co/XkAWolTh6O,36
136,0.0,Sun Mar 04 00:28:33 +0000 2018,0.0,@BBCWorld,1.0,0.0,Meet Cairo's first female minibus driver https://t.co/c8EMhzKGJn,37
137,0.0,Sun Mar 04 00:24:58 +0000 2018,0.0,@BBCWorld,1.0,0.0,A coincidence too far https://t.co/TY9IWxByMu,38
138,-0.5994,Sun Mar 04 00:17:49 +0000 2018,0.262,@BBCWorld,0.738,0.0,"Syria war: Pro-Assad forces recapture 10% of Eastern Ghouta, monitors say https://t.co/R2aprIRgeq",39
139,-0.8074,Sat Mar 03 19:02:16 +0000 2018,0.36,@BBCWorld,0.64,0.0,Trump steps up war of words on trade with threat to tax EU cars https://t.co/nP2tWasBKo,40
140,0.5106,Sat Mar 03 17:44:17 +0000 2018,0.0,@BBCWorld,0.708,0.292,Ice skating fun breaks out on Dutch canals https://t.co/YkKMXOSVmj,41
141,0.0,Sat Mar 03 17:22:26 +0000 2018,0.0,@BBCWorld,1.0,0.0,Shooting reported outside White House https://t.co/8Sp9UUDmWP,42
142,-0.8402,Sat Mar 03 16:27:51 +0000 2018,0.5,@BBCWorld,0.5,0.0,Afrin offensive: 36 pro-Syrian government soldiers 'killed in Turkish air strike' https://t.co/nx8YFWoTfY,43
143,0.743,Sat Mar 03 15:05:14 +0000 2018,0.0,@BBCWorld,0.622,0.378,Ice skaters enjoy frozen canals in the Netherlands thanks to Europe's big freeze ?? https://t.co/uk6dVR6Vby,44
144,-0.4767,Sat Mar 03 15:04:37 +0000 2018,0.256,@BBCWorld,0.744,0.0,Paris metro: Pregnant Frenchwoman fined for walking wrong way https://t.co/E9ca2KG1d2,45
145,-0.4939,Sat Mar 03 14:21:18 +0000 2018,0.167,@BBCWorld,0.833,0.0,"Looters use a stolen digger to smash into a Lidl supermarket near Dublin, causing the building to collapse… https://t.co/T7SzIoz6CV",46
146,-0.34,Sat Mar 03 12:57:24 +0000 2018,0.231,@BBCWorld,0.769,0.0,Tasmania election: Gun control row clouds Liberals victory https://t.co/EV7q7m9M2o,47
147,0.0,Sat Mar 03 12:46:40 +0000 2018,0.0,@BBCWorld,1.0,0.0,RT @BBCSport: Video assistant referees are set to be used at this year's World Cup in Russia after football's lawmakers voted to approve th…,48
148,0.0,Sat Mar 03 12:41:02 +0000 2018,0.0,@BBCWorld,1.0,0.0,"Come on Eileen. ???

https://t.co/KLrG8nMMJl",49
149,-0.7964,Sat Mar 03 12:03:07 +0000 2018,0.504,@BBCWorld,0.496,0.0,Slovakia journalist murder: Seven suspects released by police https://t.co/3DNjgtht5h,50
150,0.0,Sat Mar 03 11:06:44 +0000 2018,0.0,@BBCWorld,1.0,0.0,Sydney holds first Mardi Gras since same-sex marriage law https://t.co/9lpdfSTAtY,51
151,-0.6705,Sat Mar 03 10:59:48 +0000 2018,0.515,@BBCWorld,0.303,0.182,Lawsuit over Jonathan Udall's Grand Canyon crash death https://t.co/J5KZmYbemA,52
152,-0.6249,Sat Mar 03 10:34:04 +0000 2018,0.313,@BBCWorld,0.687,0.0,The Razzies: Emoji Movie named worst film of 2017 https://t.co/pHtOufmkRo,53
153,0.5859,Sat Mar 03 10:21:42 +0000 2018,0.0,@BBCWorld,0.678,0.322,Osacars 2018: How to make every nominee a winner https://t.co/W4RjVW7ou3,54
154,-0.7717,Sat Mar 03 09:48:02 +0000 2018,0.34,@BBCWorld,0.66,0.0,Where a cup of coffee costs a stack of banknotes. Venezuela's cash crisis might shock you. https://t.co/sGr2GblE2d,55
155,-0.5423,Sat Mar 03 09:33:35 +0000 2018,0.368,@BBCWorld,0.632,0.0,Melon listeria kills three in Australia https://t.co/e8TB05U35v,56
156,-0.4588,Sat Mar 03 09:10:36 +0000 2018,0.244,@BBCWorld,0.633,0.123,"RT @BBCEarth: 50% of the Great Barrier Reef is thought to have died in the past two years.
The heartbreaking story of Opal Reef #OurBluePla…",57
157,0.6369,Sat Mar 03 08:50:05 +0000 2018,0.0,@BBCWorld,0.656,0.344,"The Oscar best picture contenders, in 45 seconds https://t.co/M3JwvCZPKL",58
158,-0.8433,Sat Mar 03 07:32:15 +0000 2018,0.565,@BBCWorld,0.435,0.0,Five reasons why trade wars aren't easy to win https://t.co/TW3FtsF9tJ,59
159,-0.34,Sat Mar 03 05:58:14 +0000 2018,0.194,@BBCWorld,0.806,0.0,Florida school shooting: US investment giant leans on gun firms https://t.co/AfN6BhwWXx,60
160,-0.6908,Sat Mar 03 03:32:34 +0000 2018,0.32,@BBCWorld,0.68,0.0,Berta Caceres: Executive held over dam activist's murder in Honduras https://t.co/W0lwisuTJz,61
161,-0.4767,Sat Mar 03 02:16:15 +0000 2018,0.279,@BBCWorld,0.721,0.0,Italy's vote: Fake claims attempt to influence election https://t.co/2aJlgP9d0E,62
162,0.5859,Sat Mar 03 02:09:10 +0000 2018,0.128,@BBCWorld,0.523,0.349,Germany’s coalition deal: The young activists hoping to derail the agreement https://t.co/unyP50pQeE,63
163,0.3612,Sat Mar 03 02:09:10 +0000 2018,0.0,@BBCWorld,0.762,0.238,The news that made us smile this week https://t.co/GGxUYrfQW1,64
164,-0.5859,Sat Mar 03 01:44:01 +0000 2018,0.375,@BBCWorld,0.625,0.0,Trump steel tariffs: IMF warns plan would hurt US https://t.co/SjxdVCTtP2,65
165,0.0,Sat Mar 03 01:33:14 +0000 2018,0.0,@BBCWorld,1.0,0.0,Examining China's hypersonic transport plans https://t.co/xRhQkmu4A5,66
166,-0.34,Sat Mar 03 01:18:56 +0000 2018,0.211,@BBCWorld,0.789,0.0,Four key dates that shaped the US gun debate https://t.co/WVRflnHmgj,67
167,-0.3612,Sat Mar 03 01:15:08 +0000 2018,0.2,@BBCWorld,0.8,0.0,A year embedded with the people fighting the Islamic State group https://t.co/dToes97Uu9,68
168,0.0,Sat Mar 03 00:32:15 +0000 2018,0.0,@BBCWorld,1.0,0.0,Swiss voters ponder axing TV licence https://t.co/O8W8uj2coT,69
169,-0.6249,Sat Mar 03 00:24:43 +0000 2018,0.313,@BBCWorld,0.687,0.0,Venezuelan cash crisis: Where a coffee costs wads of banknotes https://t.co/1b1vvcEjBo,70
170,0.4019,Fri Mar 02 23:48:27 +0000 2018,0.0,@BBCWorld,0.722,0.278,Italy election: Parties hold final pre-poll rallies https://t.co/35bCaA5VEx,71
171,0.5106,Fri Mar 02 23:09:42 +0000 2018,0.0,@BBCWorld,0.732,0.268,Strong winds and heavy snow pound US eastern seaboard https://t.co/7osaZUklx8,72
172,0.0,Fri Mar 02 22:50:15 +0000 2018,0.0,@BBCWorld,1.0,0.0,President 'roughed up' in football match https://t.co/XHT52GaPmC,73
173,0.0,Fri Mar 02 21:42:37 +0000 2018,0.0,@BBCWorld,1.0,0.0,Winter storms batter US eastern seaboard https://t.co/u4dDrw5Rrl,74
174,0.2732,Fri Mar 02 21:32:18 +0000 2018,0.0,@BBCWorld,0.84,0.16,Billy Graham laid to rest and 'in the presence of God' https://t.co/n35ATe6Ir6,75
175,-0.7717,Fri Mar 02 20:34:57 +0000 2018,0.528,@BBCWorld,0.472,0.0,Slovakia journalist murder: Thousands attend protest vigils https://t.co/wcoVyWnbWR,76
176,-0.8625,Fri Mar 02 20:08:32 +0000 2018,0.551,@BBCWorld,0.449,0.0,DR Congo violence: Dozens killed in Ituri province https://t.co/8p5UT5nop1,77
177,-0.1027,Fri Mar 02 18:07:31 +0000 2018,0.135,@BBCWorld,0.865,0.0,Trump steel tariffs: EU warns it will respond 'firmly' https://t.co/4tlJFQiIQ6,78
178,0.4939,Fri Mar 02 17:55:22 +0000 2018,0.0,@BBCWorld,0.775,0.225,Ukraine closes schools to save gas as Russia keeps pipelines closed https://t.co/hKESzQTPhD,79
179,-0.765,Fri Mar 02 16:44:47 +0000 2018,0.452,@BBCWorld,0.548,0.0,First male gymnast accuses Larry Nassar of sexual abuse https://t.co/nlFd4JkvI6,80
180,0.0,Fri Mar 02 16:44:47 +0000 2018,0.0,@BBCWorld,1.0,0.0,California children lived in desert box 'for four years' https://t.co/ZYxw03I8wU,81
181,-0.7906,Fri Mar 02 16:26:28 +0000 2018,0.533,@BBCWorld,0.467,0.0,Oregon dad made son shoot him to delay prison https://t.co/KlfwGIWR16,82
182,-0.5719,Fri Mar 02 15:56:59 +0000 2018,0.402,@BBCWorld,0.598,0.0,Luka Modric: Croatia football captain charged with perjury https://t.co/w81aUICMjm,83
183,-0.5423,Fri Mar 02 15:09:40 +0000 2018,0.333,@BBCWorld,0.667,0.0,Deadly avalanche in French Alps kills four https://t.co/wZA9b9IgAP,84
184,-0.4404,Fri Mar 02 15:09:40 +0000 2018,0.225,@BBCWorld,0.775,0.0,Egypt arrests mother of woman at centre of BBC report https://t.co/MfhJDA6qEW,85
185,0.0,Fri Mar 02 14:49:39 +0000 2018,0.0,@BBCWorld,1.0,0.0,What is the Einstein visa? And how did Melania Trump get one? https://t.co/9CIrpwFwcr,86
186,-0.5994,Fri Mar 02 13:21:33 +0000 2018,0.302,@BBCWorld,0.698,0.0,Sydney Mardi Gras: How a violent first march spurred change https://t.co/uomkGTmeqX,87
187,-0.296,Fri Mar 02 13:17:19 +0000 2018,0.155,@BBCWorld,0.845,0.0,The mysterious case of the horticulturalists who went missing in South Africa https://t.co/Cpm8MTL3b2,88
188,0.0,Fri Mar 02 12:13:16 +0000 2018,0.0,@BBCWorld,1.0,0.0,Largest population of penguins found in Antarctic Peninsula https://t.co/AQQHiGdTZa,89
189,-0.3818,Fri Mar 02 11:26:44 +0000 2018,0.245,@BBCWorld,0.755,0.0,Ireland shut as severe weather continues in Europe https://t.co/hcJ1kJg3MP,90
190,-0.1779,Fri Mar 02 11:26:44 +0000 2018,0.248,@BBCWorld,0.552,0.2,"Trump steel tariffs: Trade wars are good, says Trump https://t.co/eTmqis7SCo",91
191,-0.4767,Fri Mar 02 10:54:13 +0000 2018,0.279,@BBCWorld,0.721,0.0,Kenya doctors 'perform brain surgery on wrong patient' https://t.co/Rft14p54cP,92
192,-0.4767,Fri Mar 02 10:54:13 +0000 2018,0.341,@BBCWorld,0.659,0.0,Attack reported in Burkina Faso capital https://t.co/T80dsMAkIP,93
193,0.0,Fri Mar 02 10:37:25 +0000 2018,0.0,@BBCWorld,1.0,0.0,Trump hails 'great' meeting with NRA lobbyist https://t.co/Vq3yMVKleQ,94
194,0.0,Fri Mar 02 10:20:49 +0000 2018,0.0,@BBCWorld,1.0,0.0,Harvey Weinstein statue appears in Hollywood ahead of Oscars https://t.co/ieedTD1r77,95
195,0.5859,Fri Mar 02 09:41:13 +0000 2018,0.0,@BBCWorld,0.612,0.388,Clowns bring joy to refugee children https://t.co/btQLzwDgWG,96
196,0.0,Fri Mar 02 09:14:39 +0000 2018,0.0,@BBCWorld,1.0,0.0,Australian swimmer: 99-year-old 'breaks world record' https://t.co/bGVthkDA7s,97
197,0.0,Fri Mar 02 08:41:31 +0000 2018,0.0,@BBCWorld,1.0,0.0,"RT @BBCSteveR: One Russian paper today slams Putin's astonishing nuclear speech: ""Our economy needs big investment, Russia needs a positive…",98
198,0.0,Fri Mar 02 08:07:42 +0000 2018,0.0,@BBCWorld,1.0,0.0,Mahatma Gandhi letter on Jesus up for sale in US https://t.co/jCbAxGAwer,99
199,-0.34,Fri Mar 02 07:19:29 +0000 2018,0.286,@BBCWorld,0.714,0.0,Deadly fire hits Azerbaijan health centre https://t.co/CLn200tXJ3,100
200,0.25,Sun Mar 04 23:01:01 +0000 2018,0.0,@CBSNews,0.9,0.1,"Meet movie poster master Bill Gold
In a career spanning seven decades the designer created iconic artwork to advert… https://t.co/m4x6Z1Az7s",1
201,-0.3802,Sun Mar 04 22:41:01 +0000 2018,0.178,@CBSNews,0.822,0.0,Report: E! considers red carpet delay due to Ryan Seacrest controversy https://t.co/LczejjWqyk https://t.co/C8lB7wTUyg,2
202,0.9169,Sun Mar 04 22:01:01 +0000 2018,0.0,@CBSNews,0.602,0.398,"Oscars 2018: Best Actress nominees 
Check out clips of the five nominees for this year's Academy Award for Best Act… https://t.co/KB7KMJVAI0",3
203,0.0,Sun Mar 04 21:41:00 +0000 2018,0.0,@CBSNews,1.0,0.0,"White House trade adviser says tariffs will have ""negligible"" impact on consumer prices (via @FaceTheNation)… https://t.co/M49NBTRn0F",4
204,0.4717,Sun Mar 04 21:21:01 +0000 2018,0.0,@CBSNews,0.747,0.253,"Sen. Joe Manchin: ""It's not gun control, it's gun sense"" (via @FaceTheNation) https://t.co/UVhmX9lgOY https://t.co/k5tIsTqa8v",5
205,-0.875,Sun Mar 04 21:01:02 +0000 2018,0.417,@CBSNews,0.497,0.086,"Elderly man assaulted in alleged road rage incident, police called the suspect a ""clear danger to the public"" and d… https://t.co/LuzmaDKDWK",6
206,-0.5267,Sun Mar 04 20:42:31 +0000 2018,0.216,@CBSNews,0.784,0.0,North Korea says President Trump's demand that it abandon its nuclear program as a precondition to diplomatic negot… https://t.co/iXsvrUoT5k,7
207,0.4588,Sun Mar 04 20:41:01 +0000 2018,0.0,@CBSNews,0.786,0.214,"How to watch the 90th Academy Awards, airing Sunday night https://t.co/yMNh89B3ET https://t.co/0lhQXo6Mgk",8
208,-0.34,Sun Mar 04 20:01:01 +0000 2018,0.167,@CBSNews,0.833,0.0,"Changing gun laws ""not achievable,"" Parkland victim's father says on @FaceTheNation  https://t.co/q2BxNgkEZ5 https://t.co/8UhPMrHnqj",9
209,0.0,Sun Mar 04 19:42:24 +0000 2018,0.0,@CBSNews,1.0,0.0,"WATCH: High winds toppled a school bus during a snow storm in Chambersburg, Pennsylvania. Crews were seen pulling t… https://t.co/CIzpL7nisl",10
210,0.0,Sun Mar 04 19:21:01 +0000 2018,0.0,@CBSNews,1.0,0.0,"Sen. Lindsey Graham says new Trump tariffs ""let China off the hook"" (via @FaceTheNation) https://t.co/gjDLJIYScq https://t.co/9uH6eFiY5M",11
211,0.9308,Sun Mar 04 19:01:02 +0000 2018,0.0,@CBSNews,0.52,0.48,"Who will win this year's Academy Awards? Better yet, who SHOULD win? Here are David Edelstein's Oscar predictions:… https://t.co/NFU3CnqfzN",12
212,0.0,Sun Mar 04 18:41:01 +0000 2018,0.0,@CBSNews,1.0,0.0,"Lindsey Graham: Trump should keep John Kelly, H.R. McMaster (via @FaceTheNation) https://t.co/2UlrvStf9P https://t.co/LaL1z00619",13
213,0.296,Sun Mar 04 18:20:45 +0000 2018,0.0,@CBSNews,0.896,0.104,"In creating ""Get Out,"" director Jordan Peele says he sought to change the way Americans discuss race; the criticall… https://t.co/j4C9TkmrTA",14
214,0.7845,Sun Mar 04 18:01:01 +0000 2018,0.0,@CBSNews,0.566,0.434,Elizabeth the Great: The life of a true Hollywood star https://t.co/DDCCPFbRB9 https://t.co/jtsO61SpD1,15
215,-0.4404,Sun Mar 04 17:41:31 +0000 2018,0.153,@CBSNews,0.847,0.0,"A deadly Nor'easter pummeled the East Coast this weekend, leaving behind power outages, major flooding, damaged hom… https://t.co/Jle60iX83P",16
216,-0.5574,Sun Mar 04 17:21:01 +0000 2018,0.195,@CBSNews,0.805,0.0,"The legacy of some of Hollywood's biggest names is in doubt this Oscar Sunday, tarnished by charges of sexual misco… https://t.co/YYddE6DVox",17
217,0.4588,Sun Mar 04 17:00:38 +0000 2018,0.0,@CBSNews,0.857,0.143,"Time's Up has been an undeniable red carpet presence throughout the 2018 awards season; at Sunday's Oscars, however… https://t.co/Ry4qTnqRyt",18
218,-0.5106,Sun Mar 04 16:41:00 +0000 2018,0.148,@CBSNews,0.852,0.0,More than 1/3 of moviegoers now check the review aggregator Rotten Tomatoes before buying a ticket -- and that has… https://t.co/fcvVebHQkt,19
219,-0.6486,Sun Mar 04 16:21:01 +0000 2018,0.323,@CBSNews,0.677,0.0,"David Ogden Stiers, ""M*A*S*H"" star, dead at 75 https://t.co/82QPecrYZr https://t.co/kyzxpuhfrk",20
220,-0.7506,Sun Mar 04 16:01:54 +0000 2018,0.234,@CBSNews,0.766,0.0,"""I did run on my nervous energy."" The first runner to break the 4-minute mile, Sir Roger Bannister, is dead at age… https://t.co/NnKB3XBPUv",21
221,-0.2732,Sun Mar 04 15:41:01 +0000 2018,0.147,@CBSNews,0.711,0.142,Ben &amp; Jerry's Ben Cohen arrested  for disorderly conduct Saturday at a demonstration over F-35 fighter planes being… https://t.co/v767dyzBoz,22
222,0.0,Sun Mar 04 15:21:01 +0000 2018,0.0,@CBSNews,1.0,0.0,Advertisers are asking YouTube to be removed from running ads on Alex Jones' channels https://t.co/NBGsXah62u https://t.co/ZqLSHsMM3y,23
223,0.5106,Sun Mar 04 15:01:01 +0000 2018,0.0,@CBSNews,0.798,0.202,"West Virginia teachers say schools will ""remain closed"" until Senate honors deal https://t.co/nTbAMqQ8CY https://t.co/CLt1obwwII",24
224,0.296,Sun Mar 04 14:41:01 +0000 2018,0.0,@CBSNews,0.905,0.095,Tens of thousands of utility workers in the Northeast raced to restore power to more than 1.5 million homes and bus… https://t.co/ZzFcTq2GCB,25
225,0.0,Sun Mar 04 14:24:30 +0000 2018,0.0,@CBSNews,1.0,0.0,"Roger Bannister, first runner to break 4-minute mile, dies at 88 https://t.co/5p3V6vvvKU https://t.co/XUsWditilP",26
226,0.3818,Sun Mar 04 14:21:01 +0000 2018,0.098,@CBSNews,0.697,0.205,"""Nobody does self-deprecating humor better than I do. It's not even close,"" Pres. Trump puts aside feud with the me… https://t.co/RlQidLI95L",27
227,0.6486,Sun Mar 04 14:03:05 +0000 2018,0.0,@CBSNews,0.71,0.29,"""You're on the same team"": NFL players share valuable lesson on Capitol Hill https://t.co/lI2p2dNOl3 https://t.co/Acg2yEJ0TA",28
228,0.0,Sun Mar 04 13:48:06 +0000 2018,0.0,@CBSNews,1.0,0.0,"""Avalanche!"": 5 caught in ""cloud of snow"" after snowboarder dies during blizzard https://t.co/lUgGCIRu58 https://t.co/Lh2d6yt96o",29
229,0.0,Sun Mar 04 13:33:09 +0000 2018,0.0,@CBSNews,1.0,0.0,Carl Icahn unloaded millions in steel-related stock days before Trump tariff https://t.co/x1Zdg28m9D https://t.co/V9Sxb2cbVN,30
230,-0.296,Sun Mar 04 13:18:07 +0000 2018,0.145,@CBSNews,0.855,0.0,New details emerge about woman accused of having sex with former student https://t.co/67OOj01hep https://t.co/Gbo8zhrsdI,31
231,0.3182,Sun Mar 04 13:03:05 +0000 2018,0.0,@CBSNews,0.796,0.204,Huge penguin colony discovered on remote Antarctic islands https://t.co/UYMnE4SUzq https://t.co/TIsEjIPTxt,32
232,-0.296,Sun Mar 04 12:48:06 +0000 2018,0.145,@CBSNews,0.855,0.0,Investigation after Florida man not seen since 2015 is just reported missing https://t.co/LWIRgrGH7w https://t.co/kCZ7UfaFYE,33
233,-0.9493,Sun Mar 04 12:33:08 +0000 2018,0.588,@CBSNews,0.412,0.0,"Woman pleads guilty to torture, murder of kids found dead in storage unit https://t.co/AtGfHMpCio https://t.co/eWq43uQCJ5",34
234,-0.8225,Sun Mar 04 12:18:07 +0000 2018,0.462,@CBSNews,0.538,0.0,Confusion in the Florida Senate as AR-15 ban fails to pass https://t.co/Nkg72wICJx https://t.co/uGMQsTLz0E,35
235,0.2023,Sun Mar 04 12:03:06 +0000 2018,0.0,@CBSNews,0.781,0.219,"California north and south feeling wrath of intense rain, snowstorm https://t.co/prdB2MW2NV https://t.co/6Ah0T4JDDG",36
236,-0.25,Sun Mar 04 11:48:04 +0000 2018,0.167,@CBSNews,0.833,0.0,"Steve Lebsock, Colorado lawmaker, expelled over sexual misconduct allegations https://t.co/ckCRo1xdQx https://t.co/b8ETQzpm88",37
237,0.0,Sun Mar 04 11:33:05 +0000 2018,0.0,@CBSNews,1.0,0.0,West Virginia Senate refuses to vote on teacher raises https://t.co/rsF4N8jiR3 https://t.co/Ghk2rqRHo2,38
238,-0.4404,Sun Mar 04 11:18:07 +0000 2018,0.209,@CBSNews,0.791,0.0,"""Pharma Bro"" Martin Shkreli's plea for leniency: ""I was a fool"" https://t.co/qTG23exQOL https://t.co/MlCf0LFl5w",39
239,0.0,Sun Mar 04 11:03:06 +0000 2018,0.0,@CBSNews,1.0,0.0,The Dish: LuckyRice founder Danielle Chang https://t.co/UQVVnUxIXP https://t.co/hzgYRxWNd4,40
240,0.4939,Sun Mar 04 10:48:05 +0000 2018,0.0,@CBSNews,0.814,0.186,"Pilot flying through storm: ""Pretty much every one on the plane threw up"" https://t.co/8uOnX2k3VB https://t.co/7G9H71ABNd",41
241,0.0,Sun Mar 04 10:33:05 +0000 2018,0.0,@CBSNews,1.0,0.0,Media-savvy Parkland students on what they've sworn off in wake of shooting https://t.co/UTBMSAcpoJ https://t.co/QUKG8QYz3f,42
242,0.0772,Sun Mar 04 10:18:09 +0000 2018,0.153,@CBSNews,0.675,0.172,"""It’s a total mess down there"": Quincy residents rescued from flooded homes https://t.co/CfK0ZTE0go https://t.co/DsUGh7U9G8",43
243,0.0,Sun Mar 04 10:03:05 +0000 2018,0.0,@CBSNews,1.0,0.0,Oscars 2018: Predictions and the state of the industry https://t.co/xRiK6hf4uP https://t.co/bpaK05DtPI,44
244,0.0,Sun Mar 04 09:48:05 +0000 2018,0.0,@CBSNews,1.0,0.0,"Nor'easter high tides, gusty winds still pounding New England coast https://t.co/juc6Or7Kpn https://t.co/X2VDFQqbyL",45
245,0.0,Sun Mar 04 09:33:05 +0000 2018,0.0,@CBSNews,1.0,0.0,"""Avalanche!"": 5 caught in ""cloud of snow"" after snowboarder dies during blizzard https://t.co/2Xo6NorUaQ https://t.co/mZXdIrVe45",46
246,0.0,Sun Mar 04 09:18:07 +0000 2018,0.0,@CBSNews,1.0,0.0,Carl Icahn unloaded millions in steel-related stock days before Trump tariff https://t.co/sqVKXhzyBp https://t.co/y9Za2EAbCW,47
247,-0.9081,Sun Mar 04 09:03:06 +0000 2018,0.487,@CBSNews,0.513,0.0,"3 arrested in dramatic takedown for alleged plot to kill, rob armored truck employees https://t.co/xcBw5Rw5W2 https://t.co/vEzRzz75w1",48
248,-0.296,Sun Mar 04 08:48:05 +0000 2018,0.145,@CBSNews,0.855,0.0,New details emerge about woman accused of having sex with former student https://t.co/D31RNtbYtM https://t.co/936AFdkw6L,49
249,0.0,Sun Mar 04 08:33:07 +0000 2018,0.0,@CBSNews,1.0,0.0,"Police: Man spits on black child, calls him racial slur https://t.co/JMLmZ1RdcN https://t.co/X80xgUtDOh",50
250,0.0382,Sun Mar 04 08:18:07 +0000 2018,0.0,@CBSNews,0.929,0.071,Hunter College trying to evict dropout who won't leave New York City dorm room https://t.co/OJJWzd3L8F https://t.co/pCNFkFKE07,51
251,-0.6486,Sun Mar 04 08:03:05 +0000 2018,0.264,@CBSNews,0.736,0.0,"John Brunetti, Hialeah Park owner and horse breeder, dead at 87 https://t.co/Ikx5lEDE4T https://t.co/RFODe97dyn",52
252,-0.1027,Sun Mar 04 07:48:05 +0000 2018,0.213,@CBSNews,0.6,0.187,"""Big Bitcoin Heist"": 600 powerful computers stolen in Iceland https://t.co/qsKBXj4DCR https://t.co/ez4AcNSYJl",53
253,-0.25,Sun Mar 04 07:33:05 +0000 2018,0.167,@CBSNews,0.833,0.0,"Steve Lebsock, Colorado lawmaker, expelled over sexual misconduct allegations https://t.co/izDADrBcwC https://t.co/INGAgQYPz9",54
254,-0.6249,Sun Mar 04 07:30:16 +0000 2018,0.362,@CBSNews,0.638,0.0,Ben &amp; Jerry's Ben Cohen arrested at Vermont protest https://t.co/OaAtOtJmoA https://t.co/Tr9wgbHMiF,55
255,0.0,Sun Mar 04 07:24:09 +0000 2018,0.0,@CBSNews,1.0,0.0,Advertisers are asking YouTube to be removed from running ads on Alex Jones' channels https://t.co/yd7wpCR2ET https://t.co/zKRJkbjoRZ,56
256,0.5267,Sun Mar 04 07:18:07 +0000 2018,0.0,@CBSNews,0.746,0.254,Mega Millions winning numbers announced for $243 million jackpot https://t.co/faaZ4wovUk https://t.co/lVwKzPetFg,57
257,-0.4404,Sun Mar 04 07:03:05 +0000 2018,0.182,@CBSNews,0.818,0.0,"ISIS-inspired attacks with ""army of children"" were London man's goal, police say https://t.co/5fcVvBdxpN https://t.co/PdM5Rne2mC",58
258,0.128,Sun Mar 04 06:48:06 +0000 2018,0.143,@CBSNews,0.69,0.167,"Man tied cinder block to dog, threw him in Maryland's Liberty Reservoir, prosecutors say https://t.co/TVtc1cTliN https://t.co/CzFxJfKlpS",59
259,-0.296,Sun Mar 04 06:33:05 +0000 2018,0.155,@CBSNews,0.845,0.0,"CMU shooting: Shooting suspect in custody after 15-hour manhunt, university says https://t.co/tNb4Yw7jvn https://t.co/8ZkLzWgVfx",60
260,0.0,Sun Mar 04 06:18:09 +0000 2018,0.0,@CBSNews,1.0,0.0,"Roy Moore asks for money, says resources are ""depleted"" https://t.co/EkqbsSbUbs https://t.co/keah0vYlbe",61
261,-0.6486,Sun Mar 04 06:03:05 +0000 2018,0.301,@CBSNews,0.699,0.0,"DA: Woman, 3 young children found dead in Massachusetts home https://t.co/cqWp8v0sTY https://t.co/BPGIVK39wv",62
262,0.5106,Sun Mar 04 06:02:04 +0000 2018,0.0,@CBSNews,0.798,0.202,"West Virginia teachers say schools will ""remain closed"" until Senate honors deal https://t.co/Vu8FmUSsmF https://t.co/6mURFH7cXv",63
263,-0.802,Sun Mar 04 05:48:05 +0000 2018,0.481,@CBSNews,0.374,0.145,"Friends defend Joshua Tree couple accused of child cruelty, abuse https://t.co/B5X0BQqwrT https://t.co/kYjaU8Xz54",64
264,-0.8555,Sun Mar 04 05:33:05 +0000 2018,0.54,@CBSNews,0.46,0.0,Student suspected of killing his parents on campus arrested https://t.co/8niqAINMGJ https://t.co/P6pjOI8xEG,65
265,0.0,Sun Mar 04 05:30:15 +0000 2018,0.0,@CBSNews,1.0,0.0,"Nor'easter high tides, gusty winds still pounding New England coast https://t.co/LDksf0wZc1 https://t.co/bJ0SuuuXpr",66
266,-0.6369,Sun Mar 04 05:18:08 +0000 2018,0.302,@CBSNews,0.698,0.0,Kansas man wrongfully imprisoned for 23 years receives no compensation from state https://t.co/EMImOMwjLw https://t.co/MlRtyWUnUx,67
267,-0.8687,Sun Mar 04 05:03:05 +0000 2018,0.471,@CBSNews,0.529,0.0,Fraud convict who had teen son shoot him gets more prison time https://t.co/FwWLfVymIP https://t.co/OzASB2dVSJ,68
268,-0.2023,Sun Mar 04 04:48:05 +0000 2018,0.114,@CBSNews,0.886,0.0,Nondrinker wrongly charged with DUI gets nearly $1 million from New York City https://t.co/n1aTH4pAo2 https://t.co/VK84BZMt5Z,69
269,0.0,Sun Mar 04 04:33:07 +0000 2018,0.0,@CBSNews,1.0,0.0,Trump to roast and be roasted at rare dinner with Washington media https://t.co/nZRpbXE5OS https://t.co/jkLBOM2WkA,70
270,0.5267,Sun Mar 04 04:28:09 +0000 2018,0.0,@CBSNews,0.726,0.274,Powerball winning numbers announced for $321 million jackpot https://t.co/xtP1o3LSv2 https://t.co/I17JqyfQrD,71
271,0.0,Sun Mar 04 04:18:09 +0000 2018,0.0,@CBSNews,1.0,0.0,"Police: Man spits on black child, calls him racial slur https://t.co/HpcIRwKBNP https://t.co/0PHYpQrzyV",72
272,0.2263,Sun Mar 04 04:03:05 +0000 2018,0.184,@CBSNews,0.567,0.248,Netanyahu visit highlights enormous obstacles to Mideast peace https://t.co/XVuUtgItL4 https://t.co/5RMZUwmIJ4,73
273,0.0382,Sun Mar 04 03:48:04 +0000 2018,0.0,@CBSNews,0.929,0.071,Hunter College trying to evict dropout who won't leave New York City dorm room https://t.co/Cmp3gmAX6j https://t.co/bNyMdIKJqj,74
274,-0.1027,Sun Mar 04 03:33:06 +0000 2018,0.213,@CBSNews,0.6,0.187,"""Big Bitcoin Heist"": 600 powerful computers stolen in Iceland https://t.co/h2UcuGptfS https://t.co/GhZ15AHYRe",75
275,0.0,Sun Mar 04 03:28:07 +0000 2018,0.0,@CBSNews,1.0,0.0,Apple employees at $5B glass spaceship campus are walking into walls https://t.co/we5TfbzzK2 https://t.co/8f5p3VObEA,76
276,-0.296,Sun Mar 04 03:18:08 +0000 2018,0.18,@CBSNews,0.82,0.0,Female teacher accused of sexual relationship with 14-year-old boy https://t.co/S9BExqHpwF https://t.co/Vo3ZEEc7Bg,77
277,0.6369,Sun Mar 04 03:03:04 +0000 2018,0.0,@CBSNews,0.588,0.412,Oscars 2018: Best Actor nominees https://t.co/d17GVw1KfG https://t.co/M6F9eOPTZQ,78
278,0.9118,Sun Mar 04 03:02:05 +0000 2018,0.0,@CBSNews,0.357,0.643,"""Get Out"" wins Best Film, Director at Spirit Awards https://t.co/TgVQEVBH40 https://t.co/GOqygGBUjS",79
279,0.5267,Sun Mar 04 02:48:05 +0000 2018,0.0,@CBSNews,0.746,0.254,Mega Millions winning numbers announced for $243 million jackpot https://t.co/2sJWHqOIJK https://t.co/QL07TxIfEZ,80
280,0.128,Sun Mar 04 02:33:07 +0000 2018,0.143,@CBSNews,0.69,0.167,"Man tied cinder block to dog, threw him in Maryland's Liberty Reservoir, prosecutors say https://t.co/wcUj9xDahw https://t.co/tG7G71HL2Y",81
281,-0.6486,Sun Mar 04 02:26:07 +0000 2018,0.323,@CBSNews,0.677,0.0,"David Ogden Stiers, ""M*A*S*H"" star, dead at 75 https://t.co/CNbj1jb9hL https://t.co/oO6VQd2TQj",82
282,-0.296,Sun Mar 04 02:18:11 +0000 2018,0.155,@CBSNews,0.845,0.0,"CMU shooting: Shooting suspect in custody after 15-hour manhunt, university says https://t.co/9YZyqZ4XoG https://t.co/TSHmyJeRIV",83
283,-0.34,Sun Mar 04 02:03:05 +0000 2018,0.156,@CBSNews,0.844,0.0,"Gun in deadly shooting on campus registered to suspect's dad, police say https://t.co/pWsJxpJpIP https://t.co/OCL6vA9xVq",84
284,0.0,Sun Mar 04 01:48:05 +0000 2018,0.0,@CBSNews,1.0,0.0,"Roy Moore asks for money, says resources are ""depleted"" https://t.co/TeFCjb657H https://t.co/LXdakJ8k7f",85
285,0.0,Sun Mar 04 01:40:22 +0000 2018,0.0,@CBSNews,1.0,0.0,"“This is a premeditated, personal execution and it doesn’t get any colder than that.” https://t.co/pCaeP3sVDg https://t.co/do8Y0vMFlm",86
286,-0.802,Sun Mar 04 01:33:05 +0000 2018,0.481,@CBSNews,0.374,0.145,"Friends defend Joshua Tree couple accused of child cruelty, abuse https://t.co/ZiOBcfgCkF https://t.co/6GtIgdRlmJ",87
287,-0.8555,Sun Mar 04 01:18:07 +0000 2018,0.54,@CBSNews,0.46,0.0,Student suspected of killing his parents on campus arrested https://t.co/ErToDkvyYj https://t.co/AEq45Mo1mQ,88
288,-0.296,Sun Mar 04 01:10:05 +0000 2018,0.24,@CBSNews,0.625,0.135,"""Unfortunately this has got to become part of our new normal"": Powerful storms slam California… https://t.co/Eb04fgykWy",89
289,-0.5574,Sun Mar 04 01:03:05 +0000 2018,0.247,@CBSNews,0.753,0.0,"Florida Senate passes, immediately reverses temporary ban on AR-15 sales https://t.co/eZtTIIcaZw https://t.co/evdS5U5c3i",90
290,-0.6369,Sun Mar 04 00:52:05 +0000 2018,0.302,@CBSNews,0.698,0.0,Kansas man wrongfully imprisoned for 23 years receives no compensation from state https://t.co/la1ZkaS70f https://t.co/Inck2EVKyL,91
291,0.0,Sun Mar 04 00:48:04 +0000 2018,0.0,@CBSNews,1.0,0.0,A divided Italy goes to the polls Sunday https://t.co/CRjj6uRnyk https://t.co/58erZSrvuK,92
292,0.4215,Sun Mar 04 00:40:26 +0000 2018,0.0,@CBSNews,0.811,0.189,“Not everybody has a picture with a former president of the United States.” https://t.co/tGU3aPZnuM https://t.co/TnKt5B3saH,93
293,-0.2023,Sun Mar 04 00:33:05 +0000 2018,0.114,@CBSNews,0.886,0.0,Nondrinker wrongly charged with DUI gets nearly $1 million from New York City https://t.co/5Nfv4CnPib https://t.co/bORM6mKPKj,94
294,0.0,Sun Mar 04 00:18:07 +0000 2018,0.0,@CBSNews,1.0,0.0,Trump to roast and be roasted at rare dinner with Washington media https://t.co/Y6IguIZoXC https://t.co/i45EQDmw9E,95
295,0.0,Sun Mar 04 00:03:05 +0000 2018,0.0,@CBSNews,1.0,0.0,"Police: Man spits on black child, calls him racial slur https://t.co/2uZdvpNLJE https://t.co/yeJdtS5lxW",96
296,-0.6369,Sun Mar 04 00:00:02 +0000 2018,0.167,@CBSNews,0.833,0.0,"This week’s #48hours boils down to this: She was 19 with an abusive boyfriend - did
he make her an unwitting accomp… https://t.co/QFa02YObnC",97
297,-0.0772,Sat Mar 03 23:54:04 +0000 2018,0.187,@CBSNews,0.643,0.17,"3 children in back of stolen vehicle found safe near Cincinnati, Ohio https://t.co/rwO1djSTZt https://t.co/MTXN2torc0",98
298,-0.2023,Sat Mar 03 23:21:01 +0000 2018,0.196,@CBSNews,0.652,0.152,Florida's Senate briefly approved a ban on AR-15-style rifles before reversing the move Saturday… https://t.co/9o9vNHNHV2,99
299,0.0516,Sat Mar 03 23:01:38 +0000 2018,0.09,@CBSNews,0.81,0.1,A Florida State University basketball player tears on the court when he realizes he has a surprise visitor who flew… https://t.co/PJpaS5sAYj,100
300,0.0,Sun Mar 04 22:59:59 +0000 2018,0.0,@nytimes,1.0,0.0,Follow @caraNYT for the latest updates from the #Oscars red carpet. https://t.co/sqEtDZ6fKi,1
301,0.5574,Sun Mar 04 22:49:04 +0000 2018,0.0,@nytimes,0.795,0.205,"Trump's ""president for life"" comments about Chinese leader Xi Jinping found an appreciative audience https://t.co/wHDaTU1ny3",2
302,0.0,Sun Mar 04 22:43:23 +0000 2018,0.0,@nytimes,1.0,0.0,Photos: The latest action from the Oscars red carpet https://t.co/bYqHj3c9qD https://t.co/TC9ubfxmdr,3
303,0.0,Sun Mar 04 22:41:06 +0000 2018,0.0,@nytimes,1.0,0.0,This is going to be one hard-working Oscars ceremony. Here's what to look for. https://t.co/UiDoImIBym,4
304,0.5859,Sun Mar 04 22:34:00 +0000 2018,0.0,@nytimes,0.817,0.183,"Norway's fjords, often seen as examples of nature's unspoiled beauty, are filled with underwater islands of trash https://t.co/OVRjPJ5ptL",5
305,0.0,Sun Mar 04 22:19:05 +0000 2018,0.0,@nytimes,1.0,0.0,"Metal detectors, remotely locking doors and bulletproof backpacks: Schools are being swamped with pitches for littl… https://t.co/aO1YlDTBUO",6
306,0.0,Sun Mar 04 22:11:20 +0000 2018,0.0,@nytimes,1.0,0.0,RT @brooksbarnesNYT: I will be backstage at the Oscars tonight covering. Here is the start of our Live Briefing: 2018 Oscars: What to Expec…,7
307,-0.5423,Sun Mar 04 22:04:08 +0000 2018,0.171,@nytimes,0.829,0.0,The sexual harassment allegations against Ryan Seacrest raise the question of whether actors could turn questions a… https://t.co/1ceD2UAK03,8
308,-0.2023,Sun Mar 04 21:53:03 +0000 2018,0.142,@nytimes,0.748,0.11,In 15 minutes the Florida State Senate approved and then scrapped a 2-year ban on sales of AR-15 rifles — proving t… https://t.co/fuGwvEnJ4c,9
309,0.0,Sun Mar 04 21:38:06 +0000 2018,0.0,@nytimes,1.0,0.0,"In @NYTOpinion 

Minhal Baig writes, ""It’s not enough to be 'aware.' Women know how to do their jobs. It’s time to… https://t.co/GuwI1zcckE",10
310,-0.5994,Sun Mar 04 21:23:06 +0000 2018,0.187,@nytimes,0.813,0.0,"Decades later, questions about whether the New Zealand police and government covered up an assassination attempt ag… https://t.co/wuaPGEOeMu",11
311,-0.3182,Sun Mar 04 21:08:04 +0000 2018,0.119,@nytimes,0.881,0.0,"As Italy heads to the polls, we look at how misinformation has spread in other recent elections https://t.co/G1wcu98cQC",12
312,0.0,Sun Mar 04 20:53:04 +0000 2018,0.0,@nytimes,1.0,0.0,Planning on watching tonight's Oscars? Follow our live updates. https://t.co/oM10MptucA,13
313,0.0,Sun Mar 04 20:38:02 +0000 2018,0.0,@nytimes,1.0,0.0,"For millions of students, the first adult they see every day at school is not a teacher, or principal. It is a ""sch… https://t.co/ogKdwd3wN8",14
314,-0.3818,Sun Mar 04 20:23:03 +0000 2018,0.31,@nytimes,0.444,0.246,"""Get Out"" star Daniel Kaluuya plays a haunted murderer for our Great Performers series https://t.co/v1a92uK8jQ https://t.co/lJR6xnhSYS",15
315,0.5023,Sun Mar 04 20:08:04 +0000 2018,0.0,@nytimes,0.871,0.129,"Steven Pinker writes that he could have ended every chapter of his new book by saying, “But all this progress is th… https://t.co/1TRcvCIM5V",16
316,0.5859,Sun Mar 04 19:53:03 +0000 2018,0.0,@nytimes,0.847,0.153,"Helen Mirren on the power of #MeToo: ""It’s an amazing moment, isn’t it? I’ve never wanted to be younger than I am,… https://t.co/XJOVBDwND6",17
317,0.2484,Sun Mar 04 19:40:42 +0000 2018,0.122,@nytimes,0.698,0.18,She's 101 and suing one of the most powerful companies in show business https://t.co/CDkYOkWHJF,18
318,0.0,Sun Mar 04 19:23:04 +0000 2018,0.0,@nytimes,1.0,0.0,"""Call Me By Your Name"" star Timothée Chalamet channels an air of Dorian Gray for his role as the polished cannibal… https://t.co/YKgomkI9x2",19
319,0.0,Sun Mar 04 19:23:04 +0000 2018,0.0,@nytimes,1.0,0.0,Can’t get enough of this year’s best-picture nominees? https://t.co/L7AdKe2aUI,20
320,-0.1027,Sun Mar 04 19:08:03 +0000 2018,0.157,@nytimes,0.714,0.129,Missed out on the week's top stories? Here's your weekend briefing. https://t.co/Z2qg7nTz0o,21
321,0.0,Sun Mar 04 18:53:05 +0000 2018,0.0,@nytimes,1.0,0.0,"For days, thousands of teachers, bus drivers and cooks have filled the halls of the West Virginia State Capitol, ch… https://t.co/tbi3iNkv05",22
322,0.0,Sun Mar 04 18:41:48 +0000 2018,0.0,@nytimes,1.0,0.0,"In @NYTOpinion 

Contributing Op-Ed writer Lindy West writes, ""Unseating a couple (or a score, or even a generation… https://t.co/lXhSg2DaYi",23
323,0.6249,Sun Mar 04 18:23:08 +0000 2018,0.0,@nytimes,0.773,0.227,"""Lady Bird"" star Saoirse Ronan awakens as a mannequin in our Great Performers series https://t.co/b8TqsBVlOx https://t.co/o0GK9W8lQJ",24
324,-0.5563,Sun Mar 04 18:08:02 +0000 2018,0.174,@nytimes,0.826,0.0,"In @NYTOpinion 

The editorial board writes, ""One of Trump’s most disturbing departures from tradition was his appo… https://t.co/0OZOy0tHWJ",25
325,0.3612,Sun Mar 04 17:53:01 +0000 2018,0.075,@nytimes,0.711,0.213,"2 dozen parties are on the ballot as Italy goes to the polls, and the number of undecided voters has reached a reco… https://t.co/QItwm9eQmy",26
326,0.5719,Sun Mar 04 17:38:04 +0000 2018,0.0,@nytimes,0.821,0.179,“This is part of the reason Donald Trump won. Democrats have chased people out of the party.” https://t.co/ZFl4RP2evO,27
327,0.0,Sun Mar 04 17:23:05 +0000 2018,0.0,@nytimes,1.0,0.0,"In @NYTOpinion 

Op-Ed Contributors @FrankBruni, @LyndaObst and @DouthatNYT banter and bicker about who should and… https://t.co/dVg1o6jNxk",28
328,0.0,Sun Mar 04 17:08:06 +0000 2018,0.0,@nytimes,1.0,0.0,"“I am assuming she made a lot of money, got a lot of press and was on the cover of magazines. She was probably a pr… https://t.co/dMhfvH1noe",29
329,-0.946,Sun Mar 04 16:53:05 +0000 2018,0.538,@nytimes,0.462,0.0,Trauma surgeons recount the horror of assault weapons: “You will see multiple organs shattered. The exit wounds can… https://t.co/fdoRkJa5lr,30
330,-0.3182,Sun Mar 04 16:38:02 +0000 2018,0.103,@nytimes,0.897,0.0,"""My assignment, in advance of the March 4 elections, was to portray the lack of services for working mothers. And h… https://t.co/8i9MYVOilA",31
331,-0.6597,Sun Mar 04 16:23:01 +0000 2018,0.188,@nytimes,0.812,0.0,The police said a university sophomore in Michigan sought in the shooting and killing of his parents was acting str… https://t.co/86THznViA9,32
332,0.2263,Sun Mar 04 16:08:00 +0000 2018,0.0,@nytimes,0.905,0.095,"Le donne potrebbero essere decisive per le elezioni italiane. Ma i problemi con cui combattono ogni giorno, come il… https://t.co/bup2ihL6GG",33
333,-0.5423,Sun Mar 04 15:53:06 +0000 2018,0.171,@nytimes,0.829,0.0,The sexual harassment allegations against Ryan Seacrest raise the question of whether actors could turn questions a… https://t.co/gjiIojlmIf,34
334,-0.5574,Sun Mar 04 15:38:04 +0000 2018,0.159,@nytimes,0.841,0.0,"Roger Bannister, the first athlete to run a mile in under 4 minutes, in 1954, has died at 88 in Britain https://t.co/BCVcKXiiL0",35
335,0.4404,Sun Mar 04 15:23:55 +0000 2018,0.098,@nytimes,0.681,0.221,"Women could decide Italy's election. But the issues they struggle with every day — like employment support, child c… https://t.co/ZNc2wkYXXs",36
336,0.0,Sun Mar 04 15:07:50 +0000 2018,0.0,@nytimes,1.0,0.0,RT @nytimesmusic: The David Bowie you’ve never seen https://t.co/U5gvL55VPN https://t.co/KgAdLNw6iv,37
337,-0.5423,Sun Mar 04 14:48:35 +0000 2018,0.2,@nytimes,0.8,0.0,"""I will never go to the Met. Am I calling for a boycott? No. But I myself will not go."" — Ai Weiwei https://t.co/o4mI6Po9FZ",38
338,0.0,Sun Mar 04 14:30:06 +0000 2018,0.0,@nytimes,1.0,0.0,When was the first time you saw yourself represented in Hollywood? https://t.co/q2xHNilgxA,39
339,0.0,Sun Mar 04 14:02:10 +0000 2018,0.0,@nytimes,1.0,0.0,"U.S. Aircraft Carrier Heads to Vietnam, With a Message for China https://t.co/mPTJMJvMo2",40
340,0.0,Sun Mar 04 14:00:28 +0000 2018,0.0,@nytimes,1.0,0.0,How would a 10% tariff on aluminum affect the beer-drinking habits of Americans?https://t.co/tS8CekoT9d,41
341,0.0,Sun Mar 04 13:46:19 +0000 2018,0.0,@nytimes,1.0,0.0,Every Plant Has a Story. You Just Need to Dig. https://t.co/LU06BAX9Lm,42
342,0.0258,Sun Mar 04 13:30:11 +0000 2018,0.098,@nytimes,0.8,0.102,There is no simple answer to what happened to Nakesha Williams — a life of spectacular promise undone by mental ill… https://t.co/DtbXFH9TyZ,43
343,0.0,Sun Mar 04 13:06:15 +0000 2018,0.0,@nytimes,1.0,0.0,"Roger Bannister, First Athlete to Break 4-Minute Mile, Dies at 88 https://t.co/hZ0R8qfbS3",44
344,0.0,Sun Mar 04 13:00:06 +0000 2018,0.0,@nytimes,1.0,0.0,Trump's “listening sessions” are one way in which he has brought his reality show instincts to his next act as a po… https://t.co/XKcNzbW4lu,45
345,-0.7841,Sun Mar 04 12:30:21 +0000 2018,0.288,@nytimes,0.712,0.0,"A threatening message arrives, and a school in Illinois scrambles. The same kind of scare is happening at dozens of… https://t.co/LGirGkNdg8",46
346,-0.296,Sun Mar 04 12:04:09 +0000 2018,0.167,@nytimes,0.833,0.0,Big City: When Should Cultural Institutions Say No to Tainted Funding? https://t.co/bGUi0aQUrK,47
347,0.0,Sun Mar 04 12:00:24 +0000 2018,0.0,@nytimes,1.0,0.0,"Congressional Republicans are pushing Trump in public and in private to reconsider his tariff policy. So far, he's… https://t.co/ElmNB6WNdX",48
348,0.0,Sun Mar 04 11:30:07 +0000 2018,0.0,@nytimes,1.0,0.0,The new emphasis on students voting — among a population that tends to vote Democrat — comes as the nation gears up… https://t.co/KJNVIjkBSy,49
349,0.6369,Sun Mar 04 11:00:24 +0000 2018,0.0,@nytimes,0.802,0.198,"In the past 30 years, only 4 movies were named best picture while topping the box office charts https://t.co/ptTq5aZzww",50
350,0.2263,Sun Mar 04 10:58:57 +0000 2018,0.153,@nytimes,0.637,0.21,An Appreciation: His Name Was Blame: A Legend of London Fashion Remembered https://t.co/U812NWOlgN,51
351,0.6705,Sun Mar 04 10:28:13 +0000 2018,0.0,@nytimes,0.718,0.282,“Singing to me is the best medicine. It makes you want to live a little longer.” https://t.co/NOdERgi9Bg,52
352,0.0,Sun Mar 04 10:09:39 +0000 2018,0.0,@nytimes,1.0,0.0,South Korea Names 2 Envoys to Meet With Kim Jong-un https://t.co/yXfv17D8lA,53
353,-0.802,Sun Mar 04 10:00:29 +0000 2018,0.31,@nytimes,0.69,0.0,"The stories of Syrian children who have cheated death, told partly through what they carried into shelters https://t.co/oTXBQW7ST5",54
354,-0.1027,Sun Mar 04 09:43:44 +0000 2018,0.224,@nytimes,0.521,0.255,"Richard E. Taylor, Nobel Winner Who Plumbed Matter, Is Dead at 88 https://t.co/wOdXiSbIhs",55
355,0.0,Sun Mar 04 09:38:22 +0000 2018,0.0,@nytimes,1.0,0.0,Need a date? Get a dog. https://t.co/SzqnqFjmJh,56
356,0.0,Sun Mar 04 09:19:23 +0000 2018,0.0,@nytimes,1.0,0.0,What can we expect at this year's Oscars? https://t.co/p0Ui2wVn8Y,57
357,0.0,Sun Mar 04 09:00:27 +0000 2018,0.0,@nytimes,1.0,0.0,What to Watch for in Italy’s Election on Sunday https://t.co/pStvKAXS3S,58
358,-0.4215,Sun Mar 04 08:56:57 +0000 2018,0.286,@nytimes,0.573,0.141,Angela Merkel Averts Crisis and Gets Her Coalition With Help of S.P.D. Again. https://t.co/DQkMOF59ix,59
359,0.1943,Sun Mar 04 08:51:00 +0000 2018,0.069,@nytimes,0.772,0.16,"Want a good smartphone but don't want to spend $1,000? There are plenty of options and a few trade-offs. https://t.co/yGN3vxHvdv",60
360,0.0,Sun Mar 04 08:32:26 +0000 2018,0.0,@nytimes,1.0,0.0,Being this dentist's patient is a mark of status. So is having your artwork on his walls. https://t.co/AEExPOmShB,61
361,0.0,Sun Mar 04 08:15:22 +0000 2018,0.0,@nytimes,1.0,0.0,"5 Shows to See if You’re in New York: ‘Angels in America,’ ‘The Fall’ and More https://t.co/yOEElrofSD",62
362,0.5413,Sun Mar 04 08:10:04 +0000 2018,0.0,@nytimes,0.8,0.2,Aarhus offers all the hygge and one of most exciting design scenes in Europe https://t.co/SiVcaRCua6,63
363,-0.4019,Sun Mar 04 07:53:16 +0000 2018,0.172,@nytimes,0.828,0.0,Woody Allen's “Manhattan” practically seems pre-engineered to provoke debate in the post-Weinstein world https://t.co/67I4vTMi1G,64
364,0.0,Sun Mar 04 07:36:58 +0000 2018,0.0,@nytimes,1.0,0.0,"Ipoh, Malaysia’s third most populous city, should be on your travel radar https://t.co/KLFUsOXbv2",65
365,0.0,Sun Mar 04 07:20:45 +0000 2018,0.0,@nytimes,1.0,0.0,"Enchilada night, anyone? https://t.co/4XFHTWSFg6 https://t.co/cbl9T4QZB7",66
366,0.0,Sun Mar 04 07:04:26 +0000 2018,0.0,@nytimes,1.0,0.0,5 cheap(ish) things every new pet owner needs https://t.co/ir0xtngeDy,67
367,0.0,Sun Mar 04 06:48:08 +0000 2018,0.0,@nytimes,1.0,0.0,"Why you need more ""no"" in your life https://t.co/1ombXSyo4Q",68
368,-0.5267,Sun Mar 04 06:31:42 +0000 2018,0.207,@nytimes,0.793,0.0,"The Ethicist: Does she have to tell her father about being sexually assaulted?
 https://t.co/cN9Fl596GW",69
369,-0.1779,Sun Mar 04 06:14:36 +0000 2018,0.096,@nytimes,0.904,0.0,John Boyega is among a new wave of British actors who are shaking up the movie industry  https://t.co/ToxakeRuF4,70
370,-0.5719,Sun Mar 04 05:57:29 +0000 2018,0.156,@nytimes,0.844,0.0,"""Get Out"" is the latest horror film to receive Oscar nominations. But the Academy hasn't always shown a lot of love… https://t.co/OhtWoHRlHq",71
371,0.0,Sun Mar 04 05:41:04 +0000 2018,0.0,@nytimes,1.0,0.0,This article is about ~millennials~ https://t.co/Jvuvnp47BY,72
372,0.8126,Sun Mar 04 05:24:28 +0000 2018,0.057,@nytimes,0.565,0.378,"The @FrugalTraveler heads to Shanghai, one of his greatest challenges. (Spoiler: Soup dumplings save the day.) https://t.co/06noQVTPzz",73
373,0.7096,Sun Mar 04 05:07:56 +0000 2018,0.0,@nytimes,0.688,0.312,You and your children should enjoy every moment seeing the world. Let us help. https://t.co/GXI9zaKIgk,74
374,0.7351,Sun Mar 04 04:51:21 +0000 2018,0.0,@nytimes,0.592,0.408,A Night of Laughs Between Trump and His Favorite Punching Bag https://t.co/vkVoDoBGDv,75
375,0.34,Sun Mar 04 04:41:21 +0000 2018,0.0,@nytimes,0.906,0.094,What if more chefs had a say in which new seeds went to market — if they played a part in shaping their own food su… https://t.co/U0CHUawsvv,76
376,-0.4215,Sun Mar 04 04:24:23 +0000 2018,0.177,@nytimes,0.823,0.0,Researchers are struggling to understand what causes “self-neglect” — and how to fix it https://t.co/IuDsqURMXK,77
377,0.0,Sun Mar 04 04:07:42 +0000 2018,0.0,@nytimes,1.0,0.0,“We’re looking at the very real possibility of extinction” https://t.co/SLioE7CYLX,78
378,0.4019,Sun Mar 04 03:50:32 +0000 2018,0.0,@nytimes,0.803,0.197,Need some recipes for your Oscars party? @nytfood has you covered. https://t.co/OwmH6tgzIY,79
379,0.0,Sun Mar 04 03:33:30 +0000 2018,0.0,@nytimes,1.0,0.0,"To zip through customs should you opt for Global Entry, or the Mobile Passport app? Both, says Customs and Border P… https://t.co/ZjuqIAI1XD",80
380,0.0,Sun Mar 04 03:16:13 +0000 2018,0.0,@nytimes,1.0,0.0,Here's why your pharmacist can't tell you that your $20 prescription could only cost $8 https://t.co/MODVFPE6VX,81
381,-0.4588,Sun Mar 04 02:59:07 +0000 2018,0.333,@nytimes,0.667,0.0,Cardinal George Pell Confronts Charges of ‘Historical Sexual Offenses’ https://t.co/NfwqqrPvdy,82
382,0.4019,Sun Mar 04 02:49:49 +0000 2018,0.0,@nytimes,0.769,0.231,Opting out of hotel housekeeping can help your wallet https://t.co/eMM5BK2j1c,83
383,0.484,Sun Mar 04 02:32:31 +0000 2018,0.095,@nytimes,0.676,0.228,"Ta-Nehisi Coates: ""I’m not convinced I can tell a great Captain America story — which is precisely why I want so ba… https://t.co/CDIKtmc01Z",84
384,0.0,Sun Mar 04 02:15:11 +0000 2018,0.0,@nytimes,1.0,0.0,When the earliest stars first shined they changed the universe https://t.co/XTSPDNy2qs,85
385,0.4019,Sun Mar 04 01:58:32 +0000 2018,0.0,@nytimes,0.863,0.137,"The special counsel inquiry appears to be widening its focus to include an adviser to the U.A.E.
https://t.co/gQxex3yOdv",86
386,0.4215,Sun Mar 04 01:57:40 +0000 2018,0.0,@nytimes,0.811,0.189,Mueller’s Focus on Adviser to United Arab Emirates Indicates Widening of Inquiry https://t.co/2pfmnaWENj,87
387,0.6369,Sun Mar 04 01:53:05 +0000 2018,0.0,@nytimes,0.679,0.321,There might be merit to giving infants more control over their eating https://t.co/ULXw2mrOkf,88
388,-0.7351,Sun Mar 04 01:35:34 +0000 2018,0.267,@nytimes,0.733,0.0,It started when a paint can fell on the patient’s foot. But it got worse and worse from there. https://t.co/IIXPTZehyG,89
389,-0.4356,Sun Mar 04 01:18:15 +0000 2018,0.144,@nytimes,0.856,0.0,"""I mourn the fact that I cannot reach into my pocket and tap my phone and see my daughter in action when she was 3"" https://t.co/3Trc5ybWMZ",90
390,0.4019,Sun Mar 04 01:00:52 +0000 2018,0.0,@nytimes,0.847,0.153,"Yes, ketchup can be used for cleaning. So can Tabasco hot sauce. And white wine. https://t.co/NtScMxEcmA",91
391,0.0,Sun Mar 04 00:41:33 +0000 2018,0.0,@nytimes,1.0,0.0,Opinion: Making Movies After #MeToo https://t.co/wvSkdMqJ2j,92
392,0.0,Sun Mar 04 00:27:01 +0000 2018,0.0,@nytimes,1.0,0.0,Take Me to Church and Let Me Dance https://t.co/NldF5ZNnVd,93
393,0.7096,Sun Mar 04 00:21:07 +0000 2018,0.0,@nytimes,0.688,0.312,"The best TV shows and movies new to Netflix, Amazon and more in March https://t.co/TA7PrFWGGO",94
394,-0.1531,Sun Mar 04 00:04:16 +0000 2018,0.194,@nytimes,0.647,0.159,Trump’s Yanked Support for Hudson Tunnel Angers Those Who Saw a Done Deal https://t.co/C9FSccO8dB,95
395,0.6369,Sat Mar 03 23:55:12 +0000 2018,0.0,@nytimes,0.802,0.198,"The Oscars are this weekend. If you can't squeeze in the best picture nominees, here's a reading list. https://t.co/8nKTooJxKW",96
396,0.3818,Sat Mar 03 23:36:42 +0000 2018,0.0,@nytimes,0.822,0.178,"In a remote Colombian jungle, citizens move to protect ""the river of 5 colors"" https://t.co/mL5Ig1uvEF",97
397,0.0,Sat Mar 03 23:18:57 +0000 2018,0.0,@nytimes,1.0,0.0,"The opioid epidemic is reshaping life in America, including at the local public library https://t.co/dbSO9kyw3U",98
398,-0.5719,Sat Mar 03 23:02:05 +0000 2018,0.188,@nytimes,0.812,0.0,Italy's election on Sunday may provide a bellwether for Europe on the depths of anger over migration https://t.co/T6FaiKXkNo,99
399,0.6808,Sat Mar 03 22:47:01 +0000 2018,0.0,@nytimes,0.699,0.301,"They met by chance, twice, while flying to and from Shanghai. Romance took flight. https://t.co/lNPHo1j5S8",100
400,0.0,Sun Mar 04 23:00:22 +0000 2018,0.0,@CNN,1.0,0.0,Polls close in Italian parliamentary elections https://t.co/fXYD1R98Lm https://t.co/RJT8wc2Qnj,1
401,0.0,Sun Mar 04 22:49:30 +0000 2018,0.0,@CNN,1.0,0.0,"""We have some record nominations this year for the black community, but the fact that we are still talking about fi… https://t.co/d7lO09zxWM",2
402,0.5267,Sun Mar 04 22:30:26 +0000 2018,0.0,@CNN,0.645,0.355,Lacoste adopts temporary logo to help endangered species https://t.co/lFr13YKbXg https://t.co/r9MgEmV9G7,3
403,0.0,Sun Mar 04 22:19:06 +0000 2018,0.0,@CNN,1.0,0.0,"This little girl was completely awestruck by Michelle Obama's portrait and believes that the former first lady is ""… https://t.co/5xpNihqcvX",4
404,0.4588,Sun Mar 04 22:04:50 +0000 2018,0.0,@CNN,0.87,0.13,This is what to expect at tonight's Academy Awards. CNN correspondent Stephanie Elam is live on the #Oscars red car… https://t.co/ENjgJF4Jm0,5
405,0.0,Sun Mar 04 22:00:03 +0000 2018,0.0,@CNN,1.0,0.0,"Need to prep your #Oscars picks at the last minute? Here's the full list of nominees, plus a printable ballot:… https://t.co/amASAfwKOr",6
406,-0.3612,Sun Mar 04 21:45:53 +0000 2018,0.135,@CNN,0.865,0.0,Israeli Prime Minister Benjamin Netanyahu is fighting for his political survival. Here's what else President Trump… https://t.co/4h5otK4fEq,7
407,0.1477,Sun Mar 04 21:38:07 +0000 2018,0.0,@CNN,0.884,0.116,"So, you want to make an Oscar-winning movie? Take this quiz. https://t.co/hCRbYPiSv2 https://t.co/TBeaRNOOuW",8
408,0.0,Sun Mar 04 21:23:08 +0000 2018,0.0,@CNN,1.0,0.0,Advertisers flee InfoWars founder Alex Jones' YouTube channel https://t.co/wSRTqvIlTe https://t.co/bcNnOXB7HC,9
409,0.0,Sun Mar 04 21:14:02 +0000 2018,0.0,@CNN,1.0,0.0,The Trump administration is pushing back on reports that White House chief economist Gary Cohn is mulling White Hou… https://t.co/coTX4cfqBc,10
410,0.0,Sun Mar 04 21:04:05 +0000 2018,0.0,@CNN,1.0,0.0,Here's what corporate America is saying about Trump's tariffs https://t.co/7wL5iCpCqQ https://t.co/qC5bExcl5A,11
411,0.5267,Sun Mar 04 20:54:07 +0000 2018,0.0,@CNN,0.645,0.355,Lacoste adopts temporary logo to help endangered species https://t.co/lCXbSTmxYC https://t.co/GYE5iRpxlr,12
412,0.4019,Sun Mar 04 20:45:13 +0000 2018,0.0,@CNN,0.816,0.184,Dwyane Wade gives special jersey to family of slain Florida student https://t.co/qGUZbFbDVV https://t.co/IKfaxOehbv,13
413,0.0,Sun Mar 04 20:38:23 +0000 2018,0.0,@CNN,1.0,0.0,"South Korea is sending a high-level delegation to Pyongyang
https://t.co/kqtRxHGc2r https://t.co/K4wwBxMbwC",14
414,0.3612,Sun Mar 04 20:17:03 +0000 2018,0.0,@CNN,0.762,0.238,This jet airplane takes off like a helicopter https://t.co/SJryMID5mq https://t.co/yJ8cDVom6D,15
415,0.0,Sun Mar 04 20:06:08 +0000 2018,0.0,@CNN,1.0,0.0,"This little girl was completely awestruck by Michelle Obama's portrait and believes that the former first lady is ""… https://t.co/zfMFQhaQiD",16
416,0.0,Sun Mar 04 19:57:03 +0000 2018,0.0,@CNN,1.0,0.0,"A day after the President called Alec Baldwin's impersonation of him ""terrible,"" Baldwin's Trump returned to Saturd… https://t.co/wm0BYrPkCH",17
417,0.0,Sun Mar 04 19:46:02 +0000 2018,0.0,@CNN,1.0,0.0,"""We're not going to take it anymore ... the World Trade Organization needs to change with the times,"" says Peter Na… https://t.co/XSmJMYQdAJ",18
418,0.0,Sun Mar 04 19:37:05 +0000 2018,0.0,@CNN,1.0,0.0,Pizza Hut is replacing Papa John's as the official pizza of the NFL https://t.co/EIBkkUH6OY https://t.co/qUXzNtEkUB,19
419,-0.6249,Sun Mar 04 19:29:03 +0000 2018,0.291,@CNN,0.633,0.076,Italy's top football league postponed its Sunday games to mourn the loss of Fiorentina captain and Italy internatio… https://t.co/U9DskZhe7G,20
420,-0.5994,Sun Mar 04 19:18:02 +0000 2018,0.245,@CNN,0.755,0.0,"This is how a Texas House primary erupted into a full-blown Democratic war
https://t.co/2IbzXl0E9o https://t.co/6fWbKXrQDC",21
421,-0.34,Sun Mar 04 19:07:35 +0000 2018,0.107,@CNN,0.893,0.0,"Looking for a new podcast? All six episodes of CNN's ""Patty Has a Gun: The Life and Crimes of Patricia Hearst"" are… https://t.co/v7q85TVeXA",22
422,0.4588,Sun Mar 04 18:52:06 +0000 2018,0.0,@CNN,0.75,0.25,"Here's what to expect at the Academy Awards
https://t.co/NZiDfcrYg7 https://t.co/rPd8AsS0Dp",23
423,0.0,Sun Mar 04 18:44:02 +0000 2018,0.0,@CNN,1.0,0.0,Advertisers flee InfoWars founder Alex Jones' YouTube channel https://t.co/7BfDzV8T5c https://t.co/Eg23WBAtTE,24
424,-0.2263,Sun Mar 04 18:34:05 +0000 2018,0.106,@CNN,0.894,0.0,Former White House chief of staff Denis McDonough defended the Obama administration's response to suspected Russian… https://t.co/dq04TtsbsR,25
425,0.0,Sun Mar 04 18:22:05 +0000 2018,0.0,@CNN,1.0,0.0,The Trump administration is pushing back on reports that White House chief economist GaryCohn is mulling White Hous… https://t.co/HYHpnxTozP,26
426,-0.5574,Sun Mar 04 18:11:01 +0000 2018,0.195,@CNN,0.805,0.0,"""We are a country divided. We are a country that has lost a sense of common purpose. We've lost a sense of common n… https://t.co/FRt9jiDJZm",27
427,0.128,Sun Mar 04 18:01:06 +0000 2018,0.179,@CNN,0.615,0.207,"How Jordan Peele turned his fear into success with ""Get Out."" https://t.co/56UoETsook https://t.co/9JecNCSz8v",28
428,0.0,Sun Mar 04 17:50:02 +0000 2018,0.0,@CNN,1.0,0.0,"South Korea is sending a high-level delegation to Pyongyang
https://t.co/vy6CJhkUWB https://t.co/KdhF02kD0b",29
429,0.4019,Sun Mar 04 17:39:04 +0000 2018,0.0,@CNN,0.816,0.184,Dwyane Wade gives special jersey to family of slain Florida student https://t.co/UpH2Alhu5g https://t.co/1e0e9R7o8Y,30
430,-0.743,Sun Mar 04 17:27:04 +0000 2018,0.441,@CNN,0.559,0.0,Honduran police arrest executive in environmental activist's death https://t.co/VrEj5zoDVl https://t.co/H1gi10OBBP,31
431,-0.3818,Sun Mar 04 17:13:05 +0000 2018,0.271,@CNN,0.729,0.0,Why companies are abandoning the NRA https://t.co/kw9PGzVErg https://t.co/qCuwCDSKf3,32
432,0.0,Sun Mar 04 17:05:08 +0000 2018,0.0,@CNN,1.0,0.0,This photographer snaps cancer-stricken kids as superheroes https://t.co/pRJvXmf3N6 https://t.co/ppIwOl10mP,33
433,0.0,Sun Mar 04 16:56:04 +0000 2018,0.0,@CNN,1.0,0.0,"This little girl was completely awestruck by Michelle Obama's portrait and believes that the former first lady is ""… https://t.co/WitPrsUyJy",34
434,-0.2023,Sun Mar 04 16:45:06 +0000 2018,0.262,@CNN,0.514,0.224,"""I'm beautiful, but I'm dangerous."" These consent classes teach children no means no https://t.co/Ue1jHUdLGd https://t.co/0334eZQKlF",35
435,0.0,Sun Mar 04 16:35:02 +0000 2018,0.0,@CNN,1.0,0.0,Residents flee as the Syrian regime takes control of villages in Eastern Ghouta https://t.co/SSj9zgEl2h https://t.co/XIZvFP0PkF,36
436,-0.6249,Sun Mar 04 16:26:06 +0000 2018,0.291,@CNN,0.633,0.076,Italy's top football league postponed its Sunday games to mourn the loss of Fiorentina captain and Italy internatio… https://t.co/BhYp2BhTCg,37
437,0.0,Sun Mar 04 16:18:03 +0000 2018,0.0,@CNN,1.0,0.0,The world's first plastic-free supermarket aisle has been unveiled in Amsterdam https://t.co/i3Ybb6RHcM,38
438,-0.6124,Sun Mar 04 16:11:04 +0000 2018,0.19,@CNN,0.81,0.0,"57% of Americans believe President Donald Trump is a racist, according to new data from a national poll | Analysis… https://t.co/paMjl4P39g",39
439,0.0,Sun Mar 04 16:00:28 +0000 2018,0.0,@CNN,1.0,0.0,Pizza Hut is replacing Papa John's as the official pizza of the NFL https://t.co/srstxzt9h1 https://t.co/S51shbcYhA,40
440,0.1531,Sun Mar 04 16:00:14 +0000 2018,0.108,@CNN,0.76,0.132,"A strong wind storm on the East Coast has caused trouble for planes. This one had to abort a landing in Washington,… https://t.co/yKHoANvISE",41
441,0.0,Sun Mar 04 15:49:42 +0000 2018,0.0,@CNN,1.0,0.0,"A day after the President called Alec Baldwin's impersonation of him ""terrible,"" Baldwin's Trump returned to Saturd… https://t.co/drwcoDM7iE",42
442,0.0,Sun Mar 04 15:00:09 +0000 2018,0.0,@CNN,1.0,0.0,Scientists have detected traces of the earliest light in the universe thought to emanate from the first stars forme… https://t.co/7lGQIaNlni,43
443,0.0,Sun Mar 04 14:42:01 +0000 2018,0.0,@CNN,1.0,0.0,"Ohio Gov. John Kasich on potentially running against Trump in 2020: ""I'm going to be out of being governor here soo… https://t.co/OKaTUpvuJH",44
444,-0.0772,Sun Mar 04 14:37:17 +0000 2018,0.064,@CNN,0.936,0.0,Ohio Gov. John Kasich says the way President Trump imposed new steel and aluminum tariffs “doesn’t make much sense” https://t.co/fVrqoJZLHJ,45
445,0.0,Sun Mar 04 14:23:59 +0000 2018,0.0,@CNN,1.0,0.0,Sen. Joe Manchin says he believes President Trump would sign the Manchin-Toomey background check bill if it came to… https://t.co/UmHUlWKiON,46
446,-0.5859,Sun Mar 04 14:21:07 +0000 2018,0.28,@CNN,0.603,0.116,".@jaketapper: Would adding Sen. Dianne Feinstein’s ban on some semi-automatic weapons help your bill?

Democratic S… https://t.co/5K91awDIia",47
447,0.0,Sun Mar 04 14:15:54 +0000 2018,0.0,@CNN,1.0,0.0,"""We're not going to take it anymore ... the World Trade Organization needs to change with the times,"" says Peter Na… https://t.co/QGVzSTPXWo",48
448,0.0,Sun Mar 04 14:14:31 +0000 2018,0.0,@CNN,1.0,0.0,White House trade adviser Peter Navarro on the steel and aluminum tariffs President Trump will likely sign this wee… https://t.co/DffqeofthR,49
449,-0.296,Sun Mar 04 14:08:16 +0000 2018,0.099,@CNN,0.901,0.0,Director of the White House Office of Trade and Manufacturing Policy Peter Navarro says there will be no country ex… https://t.co/3GXXbsC9L5,50
450,0.0,Sun Mar 04 13:55:35 +0000 2018,0.0,@CNN,1.0,0.0,"A day after the President called Alec Baldwin's impersonation of him ""terrible,"" Baldwin's Trump returned to Saturd… https://t.co/5uY54hrZbp",51
451,0.0,Sun Mar 04 13:30:13 +0000 2018,0.0,@CNN,1.0,0.0,"This little girl was completely awestruck by Michelle Obama's portrait and believes that the former first lady is ""… https://t.co/xD01n5ckUP",52
452,0.25,Sun Mar 04 13:30:01 +0000 2018,0.0,@CNN,0.864,0.136,"Sen. Flake hasn't ruled out mounting a third party challenge to President Trump in 2020, but he says it's ""not some… https://t.co/1VsePS4aut",53
453,-0.5994,Sun Mar 04 13:00:07 +0000 2018,0.253,@CNN,0.642,0.106,A charity run in the name of Philando Castile — who was killed by a police officer during a 2016 traffic stop — has… https://t.co/6T0ra7DOex,54
454,0.1531,Sun Mar 04 12:30:57 +0000 2018,0.108,@CNN,0.76,0.132,"A strong wind storm on the East Coast has caused trouble for planes. This one had to abort a landing in Washington,… https://t.co/FflS2gDcMI",55
455,0.4019,Sun Mar 04 12:00:21 +0000 2018,0.0,@CNN,0.787,0.213,This 4-year-old donating bone marrow to help his twin brothers https://t.co/J2FxntK3d5,56
456,0.0,Sun Mar 04 11:31:03 +0000 2018,0.0,@CNN,1.0,0.0,This photographer snaps cancer-stricken kids as superheroes https://t.co/cO6A10S1CD https://t.co/Iw2ai8UsOn,57
457,-0.6124,Sun Mar 04 11:00:35 +0000 2018,0.19,@CNN,0.81,0.0,"57% of Americans believe President Donald Trump is a racist, according to new data from a national poll | Analysis… https://t.co/WBHakuwak1",58
458,0.3612,Sun Mar 04 10:35:04 +0000 2018,0.0,@CNN,0.762,0.238,This jet airplane takes off like a helicopter https://t.co/zZHxME0GJf https://t.co/gE0WfdRW1Z,59
459,0.4019,Sun Mar 04 10:00:25 +0000 2018,0.0,@CNN,0.863,0.137,"Oprah Winfrey will sit down with CNN's Van Jones for a special episode of ""The Van Jones Show""… https://t.co/6IBd1G355K",60
460,0.0,Sun Mar 04 09:51:56 +0000 2018,0.0,@CNN,1.0,0.0,South Korea is sending a high-level delegation to Pyongyang for talks on establishing conditions for a US-North Kor… https://t.co/hbF2GxHlwg,61
461,0.4019,Sun Mar 04 09:50:44 +0000 2018,0.0,@CNN,0.856,0.144,Members of Germany's Social Democratic Party have voted to renew a coalition with Chancellor Angela Merkel's Christ… https://t.co/WQVCWXttFJ,62
462,0.0,Sun Mar 04 09:32:04 +0000 2018,0.0,@CNN,1.0,0.0,The world's first plastic-free supermarket aisle has been unveiled in Amsterdam https://t.co/eZ4j2bsCU3,63
463,0.0772,Sun Mar 04 09:00:07 +0000 2018,0.119,@CNN,0.746,0.134,"Seven in 10 favor tighter gun laws in wake of Parkland shooting, CNN poll shows https://t.co/d5Dq4ddtrl https://t.co/QqtFFJXglD",64
464,0.7906,Sun Mar 04 08:29:04 +0000 2018,0.0,@CNN,0.652,0.348,"Parents worked for 37 hours to surprise elementary school students with motivational messages of hope, kindness and… https://t.co/376dIgTBKC",65
465,0.34,Sun Mar 04 08:00:05 +0000 2018,0.0,@CNN,0.893,0.107,"""As a leader, I value what each person is and what each person brings to the table. I think that's something that t… https://t.co/xOU79HsWuk",66
466,0.0,Sun Mar 04 07:35:05 +0000 2018,0.0,@CNN,1.0,0.0,This Ghanaian teacher is showing students how to use computers -- without actually having one. Now Microsoft says t… https://t.co/hsjo2dZmZM,67
467,-0.3818,Sun Mar 04 07:00:30 +0000 2018,0.271,@CNN,0.729,0.0,Why companies are abandoning the NRA https://t.co/S7VNSHfzhg https://t.co/5He7wsaMiX,68
468,0.0,Sun Mar 04 06:30:06 +0000 2018,0.0,@CNN,1.0,0.0,"Sen. Chris Murphy says potential school shooters ""exist in every single country around the world,"" but ""it's only h… https://t.co/SFpbwYvhrs",69
469,-0.296,Sun Mar 04 06:04:38 +0000 2018,0.15,@CNN,0.75,0.1,"David Ogden Stiers, who played Maj. Charles Emerson Winchester III in the TV series ""M*A*S*H,"" died Saturday at 75,… https://t.co/IiSqSLkQow",70
470,0.0,Sun Mar 04 06:00:07 +0000 2018,0.0,@CNN,1.0,0.0,"A married lesbian couple in Texas was told they couldn't apply to foster refugee children because they don't ""mirro… https://t.co/S4ue0pbKnP",71
471,-0.743,Sun Mar 04 05:30:10 +0000 2018,0.441,@CNN,0.559,0.0,Honduran police arrest executive in environmental activist's death https://t.co/7xhPbMmc2A https://t.co/pnyJv0nJPE,72
472,0.0,Sun Mar 04 05:00:34 +0000 2018,0.0,@CNN,1.0,0.0,Settle in with these weekend reads https://t.co/Mr1AIhRMhG https://t.co/qf3m6fOqwC,73
473,-0.4588,Sun Mar 04 04:30:03 +0000 2018,0.158,@CNN,0.842,0.0,Former White House communications director Anthony Scaramucci says he's on a list of staffers banned from entering… https://t.co/RhVRRdgF6x,74
474,-0.7402,Sun Mar 04 04:00:19 +0000 2018,0.385,@CNN,0.615,0.0,President Trump risks more than a trade war by targeting China https://t.co/rZ64pY4U37 https://t.co/TW4Sghz4QP,75
475,-0.885,Sun Mar 04 03:30:18 +0000 2018,0.393,@CNN,0.607,0.0,At least eight people were killed and more than 80 injured in two attacks in Burkina Faso's capital… https://t.co/83HhR6CKCC,76
476,0.0,Sun Mar 04 03:00:40 +0000 2018,0.0,@CNN,1.0,0.0,These rescuers used their bare hands to dig out a man buried in snow after an avalanche at a ski resort in Californ… https://t.co/MK1hJZ1bGt,77
477,-0.7184,Sun Mar 04 02:30:16 +0000 2018,0.3,@CNN,0.7,0.0,Democrats are using the Missouri governor scandal to attack GOP Senate candidate Josh Hawley https://t.co/ambPSylcqs https://t.co/ElaIsaxR5Q,78
478,0.9313,Sun Mar 04 02:00:11 +0000 2018,0.0,@CNN,0.535,0.465,"This year's Golden Raspberry Awards have been announced. Known as the Razzies, the awards celebrate the best in the… https://t.co/ZpgNYhjjMB",79
479,0.0,Sun Mar 04 01:49:39 +0000 2018,0.0,@CNN,1.0,0.0,Trump on China's President Xi Jinping consolidating power: 'Maybe we'll give that a shot some day'… https://t.co/BeL9opk7eB,80
480,0.0,Sun Mar 04 01:30:11 +0000 2018,0.0,@CNN,1.0,0.0,"Georgia, here we go again. This time it's the NRA. https://t.co/OkB5F0eRaf (via @CNNOpinion) https://t.co/Y6LsIVxUuU",81
481,0.5267,Sun Mar 04 01:22:38 +0000 2018,0.0,@CNN,0.855,0.145,President Trump praises Chinese leader Xi Jinping's power grab. “He’s now president for life. He was able to do tha… https://t.co/WxuKxpre9x,82
482,-0.6124,Sun Mar 04 01:00:45 +0000 2018,0.283,@CNN,0.609,0.109,"President Trump is ready to fight a trade war with Europe, takes aim at car imports https://t.co/JB1XL9HA1P https://t.co/LtqgMER0ic",83
483,0.3612,Sun Mar 04 00:30:20 +0000 2018,0.081,@CNN,0.738,0.181,Pennsylvania Republican backs President Trump's tariff move as special election approaches https://t.co/cChMEFWfDK https://t.co/AIElDoEIJM,84
484,0.0,Sun Mar 04 00:15:41 +0000 2018,0.0,@CNN,1.0,0.0,These rescuers used their bare hands to dig out a man buried in snow after an avalanche at a ski resort in Californ… https://t.co/U9cU4cvLs6,85
485,-0.3412,Sun Mar 04 00:00:26 +0000 2018,0.167,@CNN,0.833,0.0,"Good-guy George Clooney is not an act, thanks to his parents. https://t.co/u29V6JrGPv https://t.co/pWEooyFdZM",86
486,-0.6249,Sat Mar 03 23:30:06 +0000 2018,0.302,@CNN,0.545,0.153,"US schools fail to teach about slavery, and America pays the price, writes David Love for @CNNOpinion… https://t.co/ZldkiaC8RK",87
487,0.128,Sat Mar 03 23:15:07 +0000 2018,0.0,@CNN,0.914,0.086,"Roy Moore, the beleaguered former Senate candidate from Alabama, asks for donations to cover legal expenses… https://t.co/52FR1Zbr0P",88
488,0.7579,Sat Mar 03 23:00:07 +0000 2018,0.0,@CNN,0.667,0.333,President Trump's tariffs are for places where he needs to win back support https://t.co/EyM14P9dM1 https://t.co/3WYS5UYrMT,89
489,-0.6549,Sat Mar 03 22:45:08 +0000 2018,0.309,@CNN,0.691,0.0,"Trump's most ridiculous Twitter rants about celebrities, ranked https://t.co/R9hMtZrixa | Analysis by Gregory Krieg https://t.co/fhMz4o6Xvr",90
490,0.0,Sat Mar 03 22:30:12 +0000 2018,0.0,@CNN,1.0,0.0,Europe's icy blast claims more lives https://t.co/HrBQinIngu https://t.co/N52jvPpZq5,91
491,-0.1263,Sat Mar 03 22:17:25 +0000 2018,0.134,@CNN,0.753,0.113,"""Definitely when you see the cabinet meetings, it's kind of painful, frankly, to watch."" Sen. Flake discusses the T… https://t.co/66xiVpvgSE",92
492,0.1134,Sat Mar 03 22:00:36 +0000 2018,0.223,@CNN,0.521,0.256,The Obamacare tax penalty isn't dead yet https://t.co/K8kMndaN4a https://t.co/KCDc6NFG0Y,93
493,0.4019,Sat Mar 03 21:45:06 +0000 2018,0.0,@CNN,0.876,0.124,"If you know someone who is doing extraordinary work to help others, here's how to nominate them for @CNNHeroes… https://t.co/FRIRIj8eRt",94
494,0.0,Sat Mar 03 21:30:08 +0000 2018,0.0,@CNN,1.0,0.0,West Virginia Senate meets as impasse continues with striking teachers https://t.co/dAbLlRjbH1 https://t.co/aYSDL6jDq8,95
495,-0.5994,Sat Mar 03 21:15:07 +0000 2018,0.262,@CNN,0.738,0.0,What is a trade war? And all your other questions answered https://t.co/YdLzLiihmp https://t.co/xRXWZcyUxQ,96
496,0.0,Sat Mar 03 21:00:15 +0000 2018,0.0,@CNN,1.0,0.0,First lady Melania Trump to attend the annual Gridiron Club Dinner with the President https://t.co/wJEGoSmbhL https://t.co/mECg4hJdAp,97
497,0.1531,Sat Mar 03 20:46:02 +0000 2018,0.108,@CNN,0.76,0.132,"A strong wind storm on the East Coast has caused trouble for planes. This one had to abort a landing in Washington,… https://t.co/rN8mEx11NJ",98
498,0.0,Sat Mar 03 20:31:03 +0000 2018,0.0,@CNN,1.0,0.0,These are the women who helped Greta Gerwig land in the directing chair. https://t.co/OBPMtkbVy7 https://t.co/xjfuxAxzQT,99
499,-0.6486,Sat Mar 03 20:17:29 +0000 2018,0.177,@CNN,0.823,0.0,"JUST IN: The man who shot himself today in front of the White House is dead, the Secret Service says… https://t.co/LCBSuJMr6q",100
